Indice,Temperatura
0,-100.00
1,-99.98
2,-99.98
3,-99.96
4,-99.95
5,-99.93
6,-99.93
7,-99.93
8,-99.93
9,-99.92
10,-99.92
11,-99.89
12,-99.88
13,-99.88
14,-99.85
15,-99.85
16,-99.84
17,-99.84
18,-99.83
19,-99.83
20,-99.83
21,-99.82
22,-99.80
23,-99.79
24,-99.79
25,-99.77
26,-99.77
27,-99.74
28,-99.73
29,-99.73
30,-99.71
31,-99.71
32,-99.68
33,-99.68
34,-99.67
35,-99.65
36,-99.64
37,-99.62
38,-99.62
39,-99.62
40,-99.62
41,-99.61
42,-99.60
43,-99.59
44,-99.57
45,-99.57
46,-99.57
47,-99.56
48,-99.53
49,-99.51
50,-99.50
51,-99.49
52,-99.47
53,-99.46
54,-99.45
55,-99.43
56,-99.40
57,-99.40
58,-99.39
59,-99.37
60,-99.36
61,-99.35
62,-99.35
63,-99.34
64,-99.34
65,-99.32
66,-99.32
67,-99.31
68,-99.30
69,-99.28
70,-99.28
71,-99.26
72,-99.25
73,-99.25
74,-99.24
75,-99.24
76,-99.22
77,-99.21
78,-99.21
79,-99.18
80,-99.17
81,-99.17
82,-99.16
83,-99.16
84,-99.15
85,-99.15
86,-99.15
87,-99.14
88,-99.14
89,-99.13
90,-99.12
91,-99.11
92,-99.10
93,-99.10
94,-99.08
95,-99.07
96,-99.04
97,-99.01
98,-99.01
99,-99.00
100,-98.99
101,-98.98
102,-98.98
103,-98.97
104,-98.95
105,-98.95
106,-98.94
107,-98.93
108,-98.92
109,-98.91
110,-98.90
111,-98.90
112,-98.90
113,-98.89
114,-98.88
115,-98.86
116,-98.84
117,-98.84
118,-98.81
119,-98.80
120,-98.78
121,-98.77
122,-98.75
123,-98.71
124,-98.71
125,-98.70
126,-98.70
127,-98.68
128,-98.67
129,-98.66
130,-98.63
131,-98.59
132,-98.59
133,-98.59
134,-98.58
135,-98.55
136,-98.55
137,-98.54
138,-98.53
139,-98.48
140,-98.46
141,-98.43
142,-98.41
143,-98.39
144,-98.37
145,-98.36
146,-98.34
147,-98.34
148,-98.33
149,-98.29
150,-98.26
151,-98.26
152,-98.25
153,-98.24
154,-98.23
155,-98.22
156,-98.18
157,-98.16
158,-98.15
159,-98.13
160,-98.13
161,-98.12
162,-98.12
163,-98.10
164,-98.10
165,-98.08
166,-98.08
167,-98.08
168,-98.08
169,-98.06
170,-98.06
171,-98.04
172,-98.03
173,-98.02
174,-98.02
175,-98.01
176,-98.01
177,-98.01
178,-97.99
179,-97.99
180,-97.99
181,-97.98
182,-97.97
183,-97.97
184,-97.97
185,-97.94
186,-97.94
187,-97.93
188,-97.93
189,-97.92
190,-97.91
191,-97.91
192,-97.90
193,-97.90
194,-97.88
195,-97.87
196,-97.85
197,-97.85
198,-97.84
199,-97.84
200,-97.83
201,-97.82
202,-97.81
203,-97.81
204,-97.80
205,-97.79
206,-97.79
207,-97.77
208,-97.76
209,-97.76
210,-97.75
211,-97.74
212,-97.70
213,-97.70
214,-97.68
215,-97.67
216,-97.67
217,-97.67
218,-97.66
219,-97.64
220,-97.64
221,-97.64
222,-97.64
223,-97.63
224,-97.63
225,-97.61
226,-97.60
227,-97.60
228,-97.57
229,-97.57
230,-97.57
231,-97.56
232,-97.55
233,-97.54
234,-97.54
235,-97.51
236,-97.51
237,-97.49
238,-97.48
239,-97.47
240,-97.44
241,-97.42
242,-97.41
243,-97.40
244,-97.39
245,-97.38
246,-97.38
247,-97.38
248,-97.38
249,-97.38
250,-97.37
251,-97.36
252,-97.36
253,-97.35
254,-97.35
255,-97.35
256,-97.35
257,-97.35
258,-97.34
259,-97.31
260,-97.30
261,-97.26
262,-97.26
263,-97.24
264,-97.22
265,-97.22
266,-97.21
267,-97.21
268,-97.20
269,-97.20
270,-97.20
271,-97.20
272,-97.20
273,-97.17
274,-97.16
275,-97.16
276,-97.14
277,-97.14
278,-97.14
279,-97.10
280,-97.08
281,-97.08
282,-97.05
283,-97.05
284,-97.02
285,-97.01
286,-96.99
287,-96.98
288,-96.98
289,-96.96
290,-96.93
291,-96.91
292,-96.90
293,-96.89
294,-96.89
295,-96.88
296,-96.87
297,-96.83
298,-96.81
299,-96.79
300,-96.79
301,-96.78
302,-96.78
303,-96.77
304,-96.75
305,-96.74
306,-96.74
307,-96.73
308,-96.72
309,-96.70
310,-96.70
311,-96.69
312,-96.68
313,-96.67
314,-96.67
315,-96.65
316,-96.64
317,-96.63
318,-96.61
319,-96.61
320,-96.60
321,-96.57
322,-96.55
323,-96.53
324,-96.53
325,-96.53
326,-96.52
327,-96.50
328,-96.50
329,-96.48
330,-96.48
331,-96.48
332,-96.43
333,-96.42
334,-96.41
335,-96.41
336,-96.41
337,-96.40
338,-96.38
339,-96.38
340,-96.37
341,-96.34
342,-96.33
343,-96.33
344,-96.31
345,-96.31
346,-96.30
347,-96.28
348,-96.28
349,-96.27
350,-96.25
351,-96.24
352,-96.24
353,-96.23
354,-96.23
355,-96.23
356,-96.21
357,-96.21
358,-96.21
359,-96.21
360,-96.20
361,-96.18
362,-96.16
363,-96.15
364,-96.12
365,-96.10
366,-96.10
367,-96.10
368,-96.09
369,-96.08
370,-96.07
371,-96.07
372,-96.07
373,-96.05
374,-96.05
375,-96.04
376,-96.03
377,-96.02
378,-96.01
379,-95.99
380,-95.98
381,-95.97
382,-95.96
383,-95.94
384,-95.94
385,-95.88
386,-95.88
387,-95.88
388,-95.87
389,-95.86
390,-95.86
391,-95.85
392,-95.85
393,-95.84
394,-95.83
395,-95.83
396,-95.83
397,-95.83
398,-95.82
399,-95.82
400,-95.81
401,-95.80
402,-95.80
403,-95.79
404,-95.79
405,-95.77
406,-95.77
407,-95.76
408,-95.75
409,-95.72
410,-95.71
411,-95.71
412,-95.71
413,-95.70
414,-95.67
415,-95.67
416,-95.67
417,-95.66
418,-95.66
419,-95.66
420,-95.66
421,-95.65
422,-95.65
423,-95.65
424,-95.64
425,-95.64
426,-95.57
427,-95.56
428,-95.55
429,-95.55
430,-95.54
431,-95.53
432,-95.53
433,-95.52
434,-95.50
435,-95.49
436,-95.48
437,-95.47
438,-95.46
439,-95.45
440,-95.44
441,-95.44
442,-95.44
443,-95.43
444,-95.43
445,-95.41
446,-95.41
447,-95.41
448,-95.39
449,-95.38
450,-95.38
451,-95.37
452,-95.37
453,-95.36
454,-95.36
455,-95.35
456,-95.35
457,-95.31
458,-95.29
459,-95.28
460,-95.27
461,-95.27
462,-95.27
463,-95.26
464,-95.26
465,-95.26
466,-95.25
467,-95.23
468,-95.23
469,-95.22
470,-95.22
471,-95.21
472,-95.20
473,-95.20
474,-95.19
475,-95.19
476,-95.18
477,-95.17
478,-95.17
479,-95.16
480,-95.15
481,-95.15
482,-95.11
483,-95.10
484,-95.09
485,-95.09
486,-95.09
487,-95.08
488,-95.08
489,-95.08
490,-95.08
491,-95.07
492,-95.02
493,-94.99
494,-94.98
495,-94.98
496,-94.97
497,-94.97
498,-94.96
499,-94.94
500,-94.93
501,-94.92
502,-94.92
503,-94.91
504,-94.91
505,-94.89
506,-94.88
507,-94.87
508,-94.87
509,-94.86
510,-94.83
511,-94.83
512,-94.82
513,-94.81
514,-94.81
515,-94.80
516,-94.78
517,-94.78
518,-94.77
519,-94.75
520,-94.71
521,-94.71
522,-94.70
523,-94.69
524,-94.66
525,-94.66
526,-94.65
527,-94.63
528,-94.63
529,-94.63
530,-94.62
531,-94.59
532,-94.56
533,-94.55
534,-94.55
535,-94.53
536,-94.53
537,-94.52
538,-94.48
539,-94.47
540,-94.46
541,-94.46
542,-94.44
543,-94.44
544,-94.43
545,-94.42
546,-94.40
547,-94.39
548,-94.36
549,-94.36
550,-94.35
551,-94.35
552,-94.35
553,-94.35
554,-94.35
555,-94.34
556,-94.34
557,-94.33
558,-94.32
559,-94.32
560,-94.31
561,-94.30
562,-94.28
563,-94.27
564,-94.22
565,-94.22
566,-94.22
567,-94.21
568,-94.20
569,-94.20
570,-94.20
571,-94.18
572,-94.16
573,-94.15
574,-94.15
575,-94.13
576,-94.13
577,-94.11
578,-94.11
579,-94.11
580,-94.10
581,-94.10
582,-94.09
583,-94.07
584,-94.07
585,-94.06
586,-94.06
587,-94.05
588,-94.04
589,-94.01
590,-94.01
591,-93.99
592,-93.98
593,-93.96
594,-93.95
595,-93.93
596,-93.92
597,-93.91
598,-93.91
599,-93.91
600,-93.91
601,-93.90
602,-93.89
603,-93.89
604,-93.88
605,-93.88
606,-93.87
607,-93.86
608,-93.86
609,-93.86
610,-93.85
611,-93.85
612,-93.83
613,-93.81
614,-93.80
615,-93.78
616,-93.77
617,-93.77
618,-93.76
619,-93.75
620,-93.75
621,-93.75
622,-93.74
623,-93.74
624,-93.73
625,-93.73
626,-93.73
627,-93.72
628,-93.71
629,-93.70
630,-93.70
631,-93.68
632,-93.64
633,-93.64
634,-93.63
635,-93.61
636,-93.61
637,-93.60
638,-93.59
639,-93.58
640,-93.58
641,-93.56
642,-93.55
643,-93.54
644,-93.53
645,-93.53
646,-93.51
647,-93.51
648,-93.50
649,-93.47
650,-93.42
651,-93.42
652,-93.42
653,-93.40
654,-93.40
655,-93.38
656,-93.38
657,-93.37
658,-93.35
659,-93.34
660,-93.33
661,-93.30
662,-93.29
663,-93.28
664,-93.27
665,-93.27
666,-93.24
667,-93.24
668,-93.23
669,-93.23
670,-93.22
671,-93.21
672,-93.19
673,-93.17
674,-93.15
675,-93.13
676,-93.09
677,-93.09
678,-93.08
679,-93.08
680,-93.07
681,-93.07
682,-93.06
683,-93.05
684,-93.05
685,-93.04
686,-93.04
687,-93.04
688,-93.03
689,-93.03
690,-93.01
691,-93.01
692,-92.99
693,-92.96
694,-92.95
695,-92.95
696,-92.94
697,-92.94
698,-92.93
699,-92.92
700,-92.91
701,-92.90
702,-92.90
703,-92.88
704,-92.86
705,-92.86
706,-92.86
707,-92.84
708,-92.83
709,-92.83
710,-92.82
711,-92.82
712,-92.82
713,-92.81
714,-92.80
715,-92.79
716,-92.79
717,-92.78
718,-92.77
719,-92.77
720,-92.73
721,-92.73
722,-92.73
723,-92.72
724,-92.72
725,-92.69
726,-92.68
727,-92.68
728,-92.66
729,-92.65
730,-92.65
731,-92.64
732,-92.62
733,-92.61
734,-92.60
735,-92.59
736,-92.58
737,-92.57
738,-92.56
739,-92.56
740,-92.55
741,-92.54
742,-92.54
743,-92.54
744,-92.54
745,-92.53
746,-92.53
747,-92.52
748,-92.52
749,-92.50
750,-92.50
751,-92.50
752,-92.49
753,-92.47
754,-92.47
755,-92.45
756,-92.41
757,-92.40
758,-92.40
759,-92.38
760,-92.38
761,-92.37
762,-92.34
763,-92.32
764,-92.32
765,-92.32
766,-92.30
767,-92.30
768,-92.30
769,-92.27
770,-92.26
771,-92.25
772,-92.24
773,-92.21
774,-92.21
775,-92.21
776,-92.21
777,-92.20
778,-92.20
779,-92.18
780,-92.17
781,-92.16
782,-92.16
783,-92.15
784,-92.14
785,-92.13
786,-92.12
787,-92.12
788,-92.12
789,-92.11
790,-92.10
791,-92.09
792,-92.08
793,-92.06
794,-92.06
795,-92.05
796,-92.05
797,-92.04
798,-92.04
799,-92.04
800,-92.04
801,-92.01
802,-92.01
803,-91.99
804,-91.98
805,-91.97
806,-91.96
807,-91.95
808,-91.95
809,-91.94
810,-91.93
811,-91.93
812,-91.93
813,-91.92
814,-91.92
815,-91.92
816,-91.91
817,-91.91
818,-91.91
819,-91.91
820,-91.90
821,-91.90
822,-91.90
823,-91.88
824,-91.87
825,-91.86
826,-91.86
827,-91.86
828,-91.85
829,-91.84
830,-91.84
831,-91.84
832,-91.83
833,-91.82
834,-91.82
835,-91.79
836,-91.77
837,-91.76
838,-91.74
839,-91.73
840,-91.72
841,-91.71
842,-91.70
843,-91.68
844,-91.68
845,-91.66
846,-91.66
847,-91.65
848,-91.65
849,-91.64
850,-91.64
851,-91.63
852,-91.62
853,-91.62
854,-91.56
855,-91.55
856,-91.54
857,-91.53
858,-91.50
859,-91.50
860,-91.50
861,-91.47
862,-91.47
863,-91.46
864,-91.45
865,-91.45
866,-91.44
867,-91.44
868,-91.44
869,-91.43
870,-91.42
871,-91.40
872,-91.40
873,-91.39
874,-91.39
875,-91.38
876,-91.38
877,-91.37
878,-91.37
879,-91.33
880,-91.33
881,-91.32
882,-91.31
883,-91.31
884,-91.29
885,-91.24
886,-91.24
887,-91.24
888,-91.23
889,-91.20
890,-91.19
891,-91.19
892,-91.18
893,-91.18
894,-91.16
895,-91.15
896,-91.15
897,-91.14
898,-91.12
899,-91.12
900,-91.09
901,-91.09
902,-91.08
903,-91.07
904,-91.06
905,-91.05
906,-91.04
907,-91.03
908,-91.02
909,-91.02
910,-91.00
911,-91.00
912,-91.00
913,-90.99
914,-90.98
915,-90.97
916,-90.97
917,-90.95
918,-90.92
919,-90.91
920,-90.91
921,-90.91
922,-90.90
923,-90.90
924,-90.90
925,-90.89
926,-90.89
927,-90.88
928,-90.88
929,-90.86
930,-90.86
931,-90.85
932,-90.84
933,-90.84
934,-90.82
935,-90.81
936,-90.79
937,-90.76
938,-90.72
939,-90.72
940,-90.71
941,-90.70
942,-90.69
943,-90.65
944,-90.63
945,-90.62
946,-90.61
947,-90.61
948,-90.61
949,-90.61
950,-90.57
951,-90.56
952,-90.56
953,-90.56
954,-90.54
955,-90.53
956,-90.52
957,-90.51
958,-90.50
959,-90.50
960,-90.47
961,-90.47
962,-90.46
963,-90.45
964,-90.43
965,-90.42
966,-90.40
967,-90.38
968,-90.35
969,-90.33
970,-90.32
971,-90.31
972,-90.31
973,-90.30
974,-90.29
975,-90.28
976,-90.28
977,-90.25
978,-90.21
979,-90.20
980,-90.18
981,-90.18
982,-90.17
983,-90.17
984,-90.16
985,-90.15
986,-90.14
987,-90.13
988,-90.11
989,-90.11
990,-90.11
991,-90.11
992,-90.11
993,-90.09
994,-90.05
995,-90.04
996,-90.03
997,-90.03
998,-90.02
999,-90.02
1000,-90.01
1001,-90.00
1002,-89.99
1003,-89.99
1004,-89.98
1005,-89.97
1006,-89.94
1007,-89.90
1008,-89.89
1009,-89.89
1010,-89.88
1011,-89.88
1012,-89.87
1013,-89.82
1014,-89.81
1015,-89.81
1016,-89.79
1017,-89.79
1018,-89.79
1019,-89.78
1020,-89.78
1021,-89.77
1022,-89.76
1023,-89.76
1024,-89.75
1025,-89.73
1026,-89.71
1027,-89.71
1028,-89.70
1029,-89.70
1030,-89.69
1031,-89.68
1032,-89.66
1033,-89.66
1034,-89.65
1035,-89.65
1036,-89.64
1037,-89.61
1038,-89.60
1039,-89.59
1040,-89.58
1041,-89.57
1042,-89.57
1043,-89.56
1044,-89.55
1045,-89.55
1046,-89.51
1047,-89.51
1048,-89.50
1049,-89.49
1050,-89.48
1051,-89.47
1052,-89.46
1053,-89.45
1054,-89.45
1055,-89.45
1056,-89.44
1057,-89.41
1058,-89.41
1059,-89.41
1060,-89.34
1061,-89.34
1062,-89.33
1063,-89.33
1064,-89.32
1065,-89.30
1066,-89.28
1067,-89.27
1068,-89.27
1069,-89.25
1070,-89.22
1071,-89.19
1072,-89.18
1073,-89.18
1074,-89.18
1075,-89.17
1076,-89.15
1077,-89.14
1078,-89.11
1079,-89.10
1080,-89.09
1081,-89.08
1082,-89.08
1083,-89.07
1084,-89.07
1085,-89.04
1086,-89.03
1087,-89.01
1088,-89.00
1089,-88.99
1090,-88.95
1091,-88.92
1092,-88.91
1093,-88.90
1094,-88.88
1095,-88.84
1096,-88.83
1097,-88.83
1098,-88.80
1099,-88.79
1100,-88.78
1101,-88.77
1102,-88.76
1103,-88.75
1104,-88.75
1105,-88.73
1106,-88.73
1107,-88.71
1108,-88.71
1109,-88.71
1110,-88.70
1111,-88.70
1112,-88.68
1113,-88.68
1114,-88.67
1115,-88.65
1116,-88.64
1117,-88.63
1118,-88.62
1119,-88.59
1120,-88.57
1121,-88.52
1122,-88.51
1123,-88.50
1124,-88.49
1125,-88.49
1126,-88.48
1127,-88.47
1128,-88.47
1129,-88.47
1130,-88.46
1131,-88.45
1132,-88.44
1133,-88.44
1134,-88.43
1135,-88.42
1136,-88.41
1137,-88.40
1138,-88.39
1139,-88.36
1140,-88.36
1141,-88.33
1142,-88.33
1143,-88.32
1144,-88.28
1145,-88.27
1146,-88.26
1147,-88.25
1148,-88.24
1149,-88.24
1150,-88.24
1151,-88.23
1152,-88.23
1153,-88.21
1154,-88.21
1155,-88.21
1156,-88.20
1157,-88.20
1158,-88.19
1159,-88.18
1160,-88.16
1161,-88.16
1162,-88.15
1163,-88.14
1164,-88.13
1165,-88.11
1166,-88.10
1167,-88.07
1168,-88.06
1169,-88.05
1170,-88.04
1171,-88.02
1172,-88.02
1173,-88.02
1174,-88.02
1175,-88.01
1176,-87.99
1177,-87.97
1178,-87.96
1179,-87.94
1180,-87.94
1181,-87.93
1182,-87.93
1183,-87.92
1184,-87.92
1185,-87.92
1186,-87.89
1187,-87.87
1188,-87.87
1189,-87.86
1190,-87.86
1191,-87.86
1192,-87.85
1193,-87.84
1194,-87.83
1195,-87.83
1196,-87.82
1197,-87.80
1198,-87.79
1199,-87.79
1200,-87.77
1201,-87.76
1202,-87.75
1203,-87.74
1204,-87.74
1205,-87.74
1206,-87.73
1207,-87.73
1208,-87.73
1209,-87.72
1210,-87.72
1211,-87.72
1212,-87.71
1213,-87.69
1214,-87.68
1215,-87.67
1216,-87.67
1217,-87.66
1218,-87.65
1219,-87.64
1220,-87.62
1221,-87.61
1222,-87.60
1223,-87.58
1224,-87.57
1225,-87.57
1226,-87.57
1227,-87.56
1228,-87.52
1229,-87.50
1230,-87.49
1231,-87.48
1232,-87.47
1233,-87.47
1234,-87.45
1235,-87.45
1236,-87.43
1237,-87.42
1238,-87.41
1239,-87.41
1240,-87.40
1241,-87.37
1242,-87.37
1243,-87.37
1244,-87.34
1245,-87.32
1246,-87.31
1247,-87.30
1248,-87.30
1249,-87.28
1250,-87.28
1251,-87.26
1252,-87.25
1253,-87.25
1254,-87.24
1255,-87.23
1256,-87.23
1257,-87.23
1258,-87.22
1259,-87.21
1260,-87.20
1261,-87.20
1262,-87.19
1263,-87.19
1264,-87.19
1265,-87.18
1266,-87.18
1267,-87.16
1268,-87.15
1269,-87.14
1270,-87.11
1271,-87.10
1272,-87.09
1273,-87.08
1274,-87.07
1275,-87.06
1276,-87.06
1277,-87.06
1278,-87.01
1279,-87.01
1280,-87.01
1281,-87.00
1282,-86.99
1283,-86.97
1284,-86.97
1285,-86.97
1286,-86.96
1287,-86.95
1288,-86.95
1289,-86.92
1290,-86.92
1291,-86.92
1292,-86.90
1293,-86.88
1294,-86.86
1295,-86.85
1296,-86.84
1297,-86.83
1298,-86.83
1299,-86.82
1300,-86.81
1301,-86.80
1302,-86.79
1303,-86.77
1304,-86.77
1305,-86.76
1306,-86.75
1307,-86.75
1308,-86.75
1309,-86.72
1310,-86.70
1311,-86.68
1312,-86.68
1313,-86.68
1314,-86.65
1315,-86.64
1316,-86.62
1317,-86.61
1318,-86.59
1319,-86.58
1320,-86.55
1321,-86.53
1322,-86.53
1323,-86.50
1324,-86.47
1325,-86.46
1326,-86.45
1327,-86.45
1328,-86.43
1329,-86.42
1330,-86.40
1331,-86.39
1332,-86.38
1333,-86.38
1334,-86.36
1335,-86.36
1336,-86.33
1337,-86.31
1338,-86.30
1339,-86.30
1340,-86.29
1341,-86.28
1342,-86.27
1343,-86.27
1344,-86.27
1345,-86.27
1346,-86.26
1347,-86.26
1348,-86.25
1349,-86.24
1350,-86.24
1351,-86.24
1352,-86.23
1353,-86.22
1354,-86.21
1355,-86.19
1356,-86.18
1357,-86.16
1358,-86.16
1359,-86.14
1360,-86.13
1361,-86.11
1362,-86.10
1363,-86.10
1364,-86.10
1365,-86.10
1366,-86.10
1367,-86.10
1368,-86.08
1369,-86.07
1370,-86.05
1371,-86.02
1372,-86.02
1373,-86.02
1374,-86.00
1375,-85.99
1376,-85.99
1377,-85.98
1378,-85.97
1379,-85.96
1380,-85.94
1381,-85.93
1382,-85.93
1383,-85.92
1384,-85.91
1385,-85.90
1386,-85.90
1387,-85.90
1388,-85.89
1389,-85.88
1390,-85.87
1391,-85.86
1392,-85.85
1393,-85.83
1394,-85.83
1395,-85.81
1396,-85.79
1397,-85.78
1398,-85.78
1399,-85.75
1400,-85.75
1401,-85.74
1402,-85.73
1403,-85.73
1404,-85.73
1405,-85.70
1406,-85.68
1407,-85.68
1408,-85.67
1409,-85.66
1410,-85.66
1411,-85.66
1412,-85.65
1413,-85.63
1414,-85.63
1415,-85.62
1416,-85.61
1417,-85.59
1418,-85.58
1419,-85.58
1420,-85.57
1421,-85.57
1422,-85.55
1423,-85.53
1424,-85.53
1425,-85.52
1426,-85.51
1427,-85.51
1428,-85.50
1429,-85.49
1430,-85.45
1431,-85.44
1432,-85.44
1433,-85.44
1434,-85.44
1435,-85.42
1436,-85.42
1437,-85.41
1438,-85.40
1439,-85.38
1440,-85.34
1441,-85.30
1442,-85.27
1443,-85.26
1444,-85.25
1445,-85.25
1446,-85.24
1447,-85.23
1448,-85.23
1449,-85.23
1450,-85.22
1451,-85.21
1452,-85.21
1453,-85.21
1454,-85.21
1455,-85.20
1456,-85.16
1457,-85.15
1458,-85.15
1459,-85.14
1460,-85.14
1461,-85.12
1462,-85.11
1463,-85.11
1464,-85.08
1465,-85.08
1466,-85.07
1467,-85.05
1468,-85.05
1469,-85.03
1470,-85.02
1471,-85.02
1472,-85.02
1473,-85.00
1474,-84.99
1475,-84.99
1476,-84.99
1477,-84.98
1478,-84.97
1479,-84.97
1480,-84.95
1481,-84.93
1482,-84.92
1483,-84.90
1484,-84.88
1485,-84.86
1486,-84.84
1487,-84.84
1488,-84.83
1489,-84.82
1490,-84.82
1491,-84.80
1492,-84.80
1493,-84.80
1494,-84.79
1495,-84.79
1496,-84.78
1497,-84.77
1498,-84.77
1499,-84.77
1500,-84.76
1501,-84.75
1502,-84.74
1503,-84.74
1504,-84.73
1505,-84.70
1506,-84.68
1507,-84.68
1508,-84.68
1509,-84.68
1510,-84.67
1511,-84.67
1512,-84.67
1513,-84.66
1514,-84.65
1515,-84.64
1516,-84.64
1517,-84.63
1518,-84.62
1519,-84.62
1520,-84.61
1521,-84.60
1522,-84.59
1523,-84.57
1524,-84.54
1525,-84.54
1526,-84.54
1527,-84.52
1528,-84.52
1529,-84.52
1530,-84.52
1531,-84.49
1532,-84.48
1533,-84.48
1534,-84.46
1535,-84.44
1536,-84.44
1537,-84.44
1538,-84.41
1539,-84.39
1540,-84.38
1541,-84.38
1542,-84.37
1543,-84.36
1544,-84.36
1545,-84.35
1546,-84.34
1547,-84.34
1548,-84.34
1549,-84.32
1550,-84.32
1551,-84.29
1552,-84.29
1553,-84.28
1554,-84.28
1555,-84.27
1556,-84.27
1557,-84.26
1558,-84.24
1559,-84.24
1560,-84.22
1561,-84.20
1562,-84.18
1563,-84.18
1564,-84.17
1565,-84.17
1566,-84.16
1567,-84.14
1568,-84.14
1569,-84.13
1570,-84.11
1571,-84.11
1572,-84.10
1573,-84.09
1574,-84.08
1575,-84.06
1576,-84.06
1577,-84.05
1578,-84.05
1579,-84.04
1580,-84.03
1581,-84.03
1582,-84.02
1583,-84.02
1584,-84.02
1585,-84.02
1586,-83.99
1587,-83.99
1588,-83.98
1589,-83.98
1590,-83.97
1591,-83.95
1592,-83.94
1593,-83.93
1594,-83.91
1595,-83.91
1596,-83.90
1597,-83.90
1598,-83.88
1599,-83.87
1600,-83.87
1601,-83.85
1602,-83.84
1603,-83.83
1604,-83.83
1605,-83.82
1606,-83.80
1607,-83.80
1608,-83.79
1609,-83.77
1610,-83.77
1611,-83.76
1612,-83.73
1613,-83.70
1614,-83.68
1615,-83.68
1616,-83.68
1617,-83.67
1618,-83.66
1619,-83.66
1620,-83.63
1621,-83.60
1622,-83.59
1623,-83.59
1624,-83.59
1625,-83.57
1626,-83.56
1627,-83.56
1628,-83.53
1629,-83.53
1630,-83.52
1631,-83.51
1632,-83.49
1633,-83.49
1634,-83.48
1635,-83.48
1636,-83.45
1637,-83.44
1638,-83.44
1639,-83.43
1640,-83.43
1641,-83.41
1642,-83.41
1643,-83.38
1644,-83.38
1645,-83.38
1646,-83.37
1647,-83.37
1648,-83.36
1649,-83.35
1650,-83.34
1651,-83.34
1652,-83.33
1653,-83.33
1654,-83.32
1655,-83.32
1656,-83.32
1657,-83.29
1658,-83.26
1659,-83.26
1660,-83.26
1661,-83.24
1662,-83.22
1663,-83.21
1664,-83.19
1665,-83.18
1666,-83.09
1667,-83.09
1668,-83.07
1669,-83.06
1670,-83.05
1671,-83.02
1672,-83.02
1673,-83.01
1674,-83.00
1675,-82.97
1676,-82.97
1677,-82.96
1678,-82.96
1679,-82.95
1680,-82.94
1681,-82.94
1682,-82.94
1683,-82.93
1684,-82.92
1685,-82.91
1686,-82.89
1687,-82.88
1688,-82.87
1689,-82.87
1690,-82.86
1691,-82.84
1692,-82.84
1693,-82.83
1694,-82.83
1695,-82.82
1696,-82.81
1697,-82.77
1698,-82.77
1699,-82.74
1700,-82.73
1701,-82.73
1702,-82.72
1703,-82.70
1704,-82.69
1705,-82.69
1706,-82.69
1707,-82.68
1708,-82.68
1709,-82.67
1710,-82.67
1711,-82.66
1712,-82.66
1713,-82.63
1714,-82.63
1715,-82.63
1716,-82.63
1717,-82.62
1718,-82.61
1719,-82.60
1720,-82.60
1721,-82.60
1722,-82.59
1723,-82.59
1724,-82.58
1725,-82.58
1726,-82.58
1727,-82.57
1728,-82.57
1729,-82.56
1730,-82.56
1731,-82.54
1732,-82.53
1733,-82.52
1734,-82.50
1735,-82.50
1736,-82.49
1737,-82.48
1738,-82.48
1739,-82.47
1740,-82.46
1741,-82.46
1742,-82.45
1743,-82.44
1744,-82.44
1745,-82.43
1746,-82.43
1747,-82.43
1748,-82.41
1749,-82.40
1750,-82.39
1751,-82.39
1752,-82.38
1753,-82.35
1754,-82.35
1755,-82.32
1756,-82.32
1757,-82.32
1758,-82.31
1759,-82.31
1760,-82.27
1761,-82.27
1762,-82.26
1763,-82.24
1764,-82.24
1765,-82.23
1766,-82.23
1767,-82.23
1768,-82.22
1769,-82.20
1770,-82.19
1771,-82.16
1772,-82.16
1773,-82.13
1774,-82.12
1775,-82.12
1776,-82.12
1777,-82.11
1778,-82.11
1779,-82.09
1780,-82.09
1781,-82.07
1782,-82.05
1783,-82.05
1784,-82.04
1785,-82.03
1786,-82.02
1787,-82.02
1788,-82.01
1789,-81.99
1790,-81.98
1791,-81.95
1792,-81.95
1793,-81.94
1794,-81.93
1795,-81.92
1796,-81.91
1797,-81.91
1798,-81.89
1799,-81.88
1800,-81.87
1801,-81.87
1802,-81.87
1803,-81.84
1804,-81.83
1805,-81.82
1806,-81.82
1807,-81.81
1808,-81.80
1809,-81.80
1810,-81.80
1811,-81.80
1812,-81.79
1813,-81.76
1814,-81.76
1815,-81.75
1816,-81.74
1817,-81.73
1818,-81.69
1819,-81.69
1820,-81.69
1821,-81.68
1822,-81.66
1823,-81.66
1824,-81.66
1825,-81.65
1826,-81.64
1827,-81.63
1828,-81.63
1829,-81.62
1830,-81.62
1831,-81.62
1832,-81.62
1833,-81.61
1834,-81.61
1835,-81.60
1836,-81.60
1837,-81.60
1838,-81.59
1839,-81.58
1840,-81.57
1841,-81.56
1842,-81.51
1843,-81.51
1844,-81.48
1845,-81.47
1846,-81.44
1847,-81.43
1848,-81.43
1849,-81.43
1850,-81.42
1851,-81.42
1852,-81.42
1853,-81.40
1854,-81.35
1855,-81.34
1856,-81.34
1857,-81.32
1858,-81.29
1859,-81.29
1860,-81.29
1861,-81.28
1862,-81.28
1863,-81.25
1864,-81.24
1865,-81.24
1866,-81.24
1867,-81.23
1868,-81.22
1869,-81.20
1870,-81.20
1871,-81.18
1872,-81.18
1873,-81.17
1874,-81.17
1875,-81.16
1876,-81.15
1877,-81.12
1878,-81.11
1879,-81.11
1880,-81.09
1881,-81.08
1882,-81.08
1883,-81.08
1884,-81.07
1885,-81.07
1886,-81.05
1887,-81.04
1888,-81.04
1889,-81.04
1890,-81.03
1891,-81.03
1892,-81.03
1893,-81.03
1894,-80.97
1895,-80.96
1896,-80.96
1897,-80.95
1898,-80.94
1899,-80.93
1900,-80.90
1901,-80.88
1902,-80.86
1903,-80.85
1904,-80.83
1905,-80.83
1906,-80.81
1907,-80.80
1908,-80.79
1909,-80.78
1910,-80.78
1911,-80.78
1912,-80.78
1913,-80.77
1914,-80.76
1915,-80.76
1916,-80.71
1917,-80.70
1918,-80.70
1919,-80.68
1920,-80.67
1921,-80.66
1922,-80.65
1923,-80.63
1924,-80.63
1925,-80.60
1926,-80.58
1927,-80.58
1928,-80.58
1929,-80.56
1930,-80.54
1931,-80.53
1932,-80.51
1933,-80.49
1934,-80.49
1935,-80.48
1936,-80.45
1937,-80.44
1938,-80.44
1939,-80.44
1940,-80.41
1941,-80.41
1942,-80.39
1943,-80.39
1944,-80.37
1945,-80.37
1946,-80.37
1947,-80.36
1948,-80.36
1949,-80.35
1950,-80.35
1951,-80.35
1952,-80.35
1953,-80.35
1954,-80.34
1955,-80.34
1956,-80.33
1957,-80.33
1958,-80.32
1959,-80.32
1960,-80.31
1961,-80.30
1962,-80.30
1963,-80.30
1964,-80.30
1965,-80.29
1966,-80.24
1967,-80.24
1968,-80.23
1969,-80.22
1970,-80.20
1971,-80.20
1972,-80.20
1973,-80.20
1974,-80.19
1975,-80.17
1976,-80.16
1977,-80.16
1978,-80.15
1979,-80.14
1980,-80.14
1981,-80.14
1982,-80.13
1983,-80.12
1984,-80.11
1985,-80.11
1986,-80.10
1987,-80.09
1988,-80.09
1989,-80.09
1990,-80.08
1991,-80.06
1992,-80.05
1993,-80.04
1994,-80.04
1995,-80.02
1996,-79.99
1997,-79.99
1998,-79.98
1999,-79.97
2000,-79.97
2001,-79.97
2002,-79.97
2003,-79.97
2004,-79.96
2005,-79.96
2006,-79.96
2007,-79.96
2008,-79.95
2009,-79.95
2010,-79.94
2011,-79.93
2012,-79.93
2013,-79.92
2014,-79.92
2015,-79.91
2016,-79.90
2017,-79.90
2018,-79.90
2019,-79.89
2020,-79.88
2021,-79.88
2022,-79.87
2023,-79.86
2024,-79.85
2025,-79.85
2026,-79.85
2027,-79.84
2028,-79.83
2029,-79.82
2030,-79.81
2031,-79.79
2032,-79.78
2033,-79.77
2034,-79.76
2035,-79.73
2036,-79.71
2037,-79.70
2038,-79.70
2039,-79.68
2040,-79.68
2041,-79.68
2042,-79.68
2043,-79.68
2044,-79.66
2045,-79.66
2046,-79.66
2047,-79.65
2048,-79.64
2049,-79.63
2050,-79.63
2051,-79.61
2052,-79.60
2053,-79.60
2054,-79.58
2055,-79.57
2056,-79.56
2057,-79.56
2058,-79.54
2059,-79.51
2060,-79.50
2061,-79.48
2062,-79.46
2063,-79.43
2064,-79.42
2065,-79.39
2066,-79.39
2067,-79.38
2068,-79.38
2069,-79.35
2070,-79.34
2071,-79.34
2072,-79.33
2073,-79.32
2074,-79.30
2075,-79.29
2076,-79.29
2077,-79.28
2078,-79.28
2079,-79.28
2080,-79.27
2081,-79.27
2082,-79.27
2083,-79.26
2084,-79.26
2085,-79.25
2086,-79.24
2087,-79.18
2088,-79.16
2089,-79.13
2090,-79.10
2091,-79.07
2092,-78.97
2093,-78.97
2094,-78.96
2095,-78.95
2096,-78.93
2097,-78.93
2098,-78.93
2099,-78.93
2100,-78.93
2101,-78.88
2102,-78.86
2103,-78.85
2104,-78.85
2105,-78.84
2106,-78.83
2107,-78.83
2108,-78.81
2109,-78.81
2110,-78.80
2111,-78.79
2112,-78.78
2113,-78.77
2114,-78.76
2115,-78.75
2116,-78.74
2117,-78.73
2118,-78.72
2119,-78.72
2120,-78.71
2121,-78.71
2122,-78.70
2123,-78.70
2124,-78.68
2125,-78.68
2126,-78.67
2127,-78.66
2128,-78.66
2129,-78.64
2130,-78.63
2131,-78.62
2132,-78.62
2133,-78.60
2134,-78.58
2135,-78.58
2136,-78.57
2137,-78.57
2138,-78.56
2139,-78.54
2140,-78.54
2141,-78.53
2142,-78.52
2143,-78.52
2144,-78.51
2145,-78.49
2146,-78.48
2147,-78.47
2148,-78.46
2149,-78.46
2150,-78.45
2151,-78.45
2152,-78.45
2153,-78.44
2154,-78.44
2155,-78.44
2156,-78.43
2157,-78.42
2158,-78.41
2159,-78.41
2160,-78.41
2161,-78.40
2162,-78.40
2163,-78.39
2164,-78.38
2165,-78.37
2166,-78.37
2167,-78.35
2168,-78.35
2169,-78.31
2170,-78.31
2171,-78.29
2172,-78.29
2173,-78.29
2174,-78.28
2175,-78.25
2176,-78.23
2177,-78.23
2178,-78.23
2179,-78.22
2180,-78.21
2181,-78.21
2182,-78.18
2183,-78.17
2184,-78.17
2185,-78.17
2186,-78.15
2187,-78.14
2188,-78.13
2189,-78.11
2190,-78.10
2191,-78.09
2192,-78.08
2193,-78.07
2194,-78.05
2195,-78.05
2196,-78.03
2197,-78.03
2198,-78.00
2199,-78.00
2200,-77.99
2201,-77.99
2202,-77.96
2203,-77.93
2204,-77.92
2205,-77.90
2206,-77.90
2207,-77.89
2208,-77.87
2209,-77.87
2210,-77.86
2211,-77.85
2212,-77.83
2213,-77.83
2214,-77.83
2215,-77.80
2216,-77.80
2217,-77.79
2218,-77.79
2219,-77.78
2220,-77.76
2221,-77.74
2222,-77.69
2223,-77.67
2224,-77.66
2225,-77.66
2226,-77.64
2227,-77.62
2228,-77.59
2229,-77.59
2230,-77.58
2231,-77.58
2232,-77.57
2233,-77.57
2234,-77.52
2235,-77.51
2236,-77.51
2237,-77.50
2238,-77.50
2239,-77.50
2240,-77.49
2241,-77.47
2242,-77.47
2243,-77.47
2244,-77.45
2245,-77.43
2246,-77.43
2247,-77.43
2248,-77.43
2249,-77.43
2250,-77.42
2251,-77.42
2252,-77.41
2253,-77.41
2254,-77.39
2255,-77.39
2256,-77.39
2257,-77.39
2258,-77.37
2259,-77.36
2260,-77.36
2261,-77.34
2262,-77.33
2263,-77.33
2264,-77.31
2265,-77.31
2266,-77.31
2267,-77.30
2268,-77.29
2269,-77.27
2270,-77.27
2271,-77.27
2272,-77.26
2273,-77.25
2274,-77.24
2275,-77.24
2276,-77.23
2277,-77.22
2278,-77.21
2279,-77.21
2280,-77.20
2281,-77.19
2282,-77.19
2283,-77.19
2284,-77.18
2285,-77.18
2286,-77.15
2287,-77.13
2288,-77.13
2289,-77.12
2290,-77.11
2291,-77.10
2292,-77.08
2293,-77.08
2294,-77.07
2295,-77.06
2296,-77.04
2297,-77.04
2298,-77.03
2299,-77.02
2300,-77.02
2301,-76.98
2302,-76.96
2303,-76.94
2304,-76.93
2305,-76.91
2306,-76.89
2307,-76.88
2308,-76.88
2309,-76.88
2310,-76.86
2311,-76.86
2312,-76.85
2313,-76.84
2314,-76.83
2315,-76.82
2316,-76.82
2317,-76.82
2318,-76.80
2319,-76.80
2320,-76.79
2321,-76.77
2322,-76.76
2323,-76.74
2324,-76.74
2325,-76.74
2326,-76.74
2327,-76.73
2328,-76.72
2329,-76.71
2330,-76.71
2331,-76.69
2332,-76.68
2333,-76.66
2334,-76.66
2335,-76.66
2336,-76.65
2337,-76.65
2338,-76.64
2339,-76.64
2340,-76.63
2341,-76.63
2342,-76.62
2343,-76.59
2344,-76.58
2345,-76.58
2346,-76.57
2347,-76.57
2348,-76.57
2349,-76.54
2350,-76.52
2351,-76.51
2352,-76.47
2353,-76.47
2354,-76.47
2355,-76.46
2356,-76.42
2357,-76.42
2358,-76.42
2359,-76.41
2360,-76.40
2361,-76.39
2362,-76.38
2363,-76.38
2364,-76.37
2365,-76.37
2366,-76.37
2367,-76.36
2368,-76.35
2369,-76.35
2370,-76.35
2371,-76.33
2372,-76.33
2373,-76.33
2374,-76.31
2375,-76.30
2376,-76.29
2377,-76.28
2378,-76.26
2379,-76.26
2380,-76.21
2381,-76.19
2382,-76.18
2383,-76.18
2384,-76.18
2385,-76.13
2386,-76.11
2387,-76.11
2388,-76.10
2389,-76.10
2390,-76.10
2391,-76.09
2392,-76.06
2393,-76.05
2394,-76.05
2395,-76.04
2396,-76.03
2397,-76.02
2398,-76.02
2399,-76.00
2400,-75.99
2401,-75.99
2402,-75.97
2403,-75.97
2404,-75.95
2405,-75.94
2406,-75.94
2407,-75.93
2408,-75.92
2409,-75.91
2410,-75.90
2411,-75.90
2412,-75.88
2413,-75.87
2414,-75.85
2415,-75.83
2416,-75.83
2417,-75.83
2418,-75.81
2419,-75.78
2420,-75.76
2421,-75.74
2422,-75.74
2423,-75.74
2424,-75.73
2425,-75.70
2426,-75.68
2427,-75.67
2428,-75.66
2429,-75.65
2430,-75.64
2431,-75.63
2432,-75.63
2433,-75.60
2434,-75.59
2435,-75.59
2436,-75.57
2437,-75.56
2438,-75.55
2439,-75.55
2440,-75.53
2441,-75.51
2442,-75.51
2443,-75.48
2444,-75.48
2445,-75.48
2446,-75.48
2447,-75.46
2448,-75.45
2449,-75.42
2450,-75.42
2451,-75.41
2452,-75.41
2453,-75.41
2454,-75.41
2455,-75.40
2456,-75.38
2457,-75.38
2458,-75.35
2459,-75.34
2460,-75.34
2461,-75.32
2462,-75.32
2463,-75.32
2464,-75.29
2465,-75.27
2466,-75.27
2467,-75.25
2468,-75.24
2469,-75.22
2470,-75.22
2471,-75.22
2472,-75.21
2473,-75.21
2474,-75.20
2475,-75.19
2476,-75.18
2477,-75.18
2478,-75.17
2479,-75.16
2480,-75.13
2481,-75.12
2482,-75.12
2483,-75.11
2484,-75.10
2485,-75.09
2486,-75.09
2487,-75.08
2488,-75.07
2489,-75.07
2490,-75.06
2491,-75.03
2492,-75.03
2493,-75.03
2494,-75.02
2495,-75.02
2496,-75.00
2497,-74.99
2498,-74.99
2499,-74.99
2500,-74.99
2501,-74.99
2502,-74.98
2503,-74.98
2504,-74.98
2505,-74.98
2506,-74.96
2507,-74.94
2508,-74.92
2509,-74.91
2510,-74.90
2511,-74.89
2512,-74.88
2513,-74.88
2514,-74.88
2515,-74.87
2516,-74.87
2517,-74.87
2518,-74.85
2519,-74.85
2520,-74.84
2521,-74.83
2522,-74.83
2523,-74.83
2524,-74.81
2525,-74.80
2526,-74.80
2527,-74.77
2528,-74.76
2529,-74.75
2530,-74.74
2531,-74.74
2532,-74.74
2533,-74.74
2534,-74.73
2535,-74.69
2536,-74.65
2537,-74.62
2538,-74.62
2539,-74.61
2540,-74.59
2541,-74.59
2542,-74.58
2543,-74.57
2544,-74.56
2545,-74.55
2546,-74.52
2547,-74.52
2548,-74.51
2549,-74.50
2550,-74.48
2551,-74.48
2552,-74.46
2553,-74.46
2554,-74.46
2555,-74.46
2556,-74.45
2557,-74.45
2558,-74.45
2559,-74.44
2560,-74.44
2561,-74.42
2562,-74.39
2563,-74.39
2564,-74.37
2565,-74.36
2566,-74.33
2567,-74.33
2568,-74.31
2569,-74.31
2570,-74.30
2571,-74.30
2572,-74.30
2573,-74.29
2574,-74.29
2575,-74.28
2576,-74.27
2577,-74.27
2578,-74.26
2579,-74.23
2580,-74.20
2581,-74.19
2582,-74.19
2583,-74.18
2584,-74.17
2585,-74.17
2586,-74.16
2587,-74.15
2588,-74.15
2589,-74.15
2590,-74.14
2591,-74.14
2592,-74.11
2593,-74.11
2594,-74.11
2595,-74.10
2596,-74.10
2597,-74.09
2598,-74.09
2599,-74.07
2600,-74.05
2601,-74.04
2602,-74.04
2603,-74.03
2604,-74.03
2605,-74.02
2606,-74.01
2607,-74.00
2608,-74.00
2609,-73.99
2610,-73.98
2611,-73.97
2612,-73.95
2613,-73.95
2614,-73.93
2615,-73.93
2616,-73.93
2617,-73.91
2618,-73.90
2619,-73.88
2620,-73.88
2621,-73.87
2622,-73.85
2623,-73.83
2624,-73.81
2625,-73.80
2626,-73.80
2627,-73.78
2628,-73.78
2629,-73.77
2630,-73.75
2631,-73.75
2632,-73.74
2633,-73.73
2634,-73.73
2635,-73.73
2636,-73.71
2637,-73.69
2638,-73.68
2639,-73.66
2640,-73.64
2641,-73.63
2642,-73.62
2643,-73.61
2644,-73.59
2645,-73.57
2646,-73.57
2647,-73.57
2648,-73.56
2649,-73.55
2650,-73.55
2651,-73.55
2652,-73.55
2653,-73.53
2654,-73.53
2655,-73.50
2656,-73.50
2657,-73.49
2658,-73.49
2659,-73.48
2660,-73.47
2661,-73.47
2662,-73.44
2663,-73.43
2664,-73.43
2665,-73.42
2666,-73.39
2667,-73.39
2668,-73.38
2669,-73.38
2670,-73.37
2671,-73.36
2672,-73.36
2673,-73.35
2674,-73.35
2675,-73.34
2676,-73.33
2677,-73.32
2678,-73.31
2679,-73.31
2680,-73.31
2681,-73.28
2682,-73.28
2683,-73.27
2684,-73.26
2685,-73.24
2686,-73.22
2687,-73.21
2688,-73.20
2689,-73.20
2690,-73.20
2691,-73.19
2692,-73.16
2693,-73.14
2694,-73.14
2695,-73.14
2696,-73.13
2697,-73.12
2698,-73.10
2699,-73.09
2700,-73.06
2701,-73.05
2702,-73.05
2703,-73.05
2704,-73.05
2705,-73.03
2706,-73.03
2707,-73.01
2708,-73.00
2709,-72.99
2710,-72.98
2711,-72.97
2712,-72.95
2713,-72.95
2714,-72.92
2715,-72.87
2716,-72.87
2717,-72.86
2718,-72.82
2719,-72.81
2720,-72.81
2721,-72.80
2722,-72.79
2723,-72.76
2724,-72.75
2725,-72.74
2726,-72.74
2727,-72.74
2728,-72.72
2729,-72.71
2730,-72.71
2731,-72.69
2732,-72.69
2733,-72.66
2734,-72.61
2735,-72.60
2736,-72.60
2737,-72.59
2738,-72.55
2739,-72.53
2740,-72.52
2741,-72.51
2742,-72.49
2743,-72.48
2744,-72.47
2745,-72.43
2746,-72.42
2747,-72.42
2748,-72.37
2749,-72.36
2750,-72.36
2751,-72.34
2752,-72.33
2753,-72.33
2754,-72.32
2755,-72.30
2756,-72.28
2757,-72.27
2758,-72.25
2759,-72.23
2760,-72.22
2761,-72.19
2762,-72.17
2763,-72.17
2764,-72.15
2765,-72.15
2766,-72.12
2767,-72.12
2768,-72.11
2769,-72.11
2770,-72.08
2771,-72.04
2772,-72.03
2773,-72.02
2774,-72.02
2775,-72.01
2776,-72.00
2777,-72.00
2778,-72.00
2779,-71.99
2780,-71.99
2781,-71.95
2782,-71.92
2783,-71.91
2784,-71.91
2785,-71.90
2786,-71.87
2787,-71.87
2788,-71.84
2789,-71.84
2790,-71.83
2791,-71.82
2792,-71.81
2793,-71.79
2794,-71.76
2795,-71.75
2796,-71.74
2797,-71.74
2798,-71.72
2799,-71.71
2800,-71.69
2801,-71.68
2802,-71.67
2803,-71.66
2804,-71.66
2805,-71.66
2806,-71.66
2807,-71.65
2808,-71.65
2809,-71.64
2810,-71.61
2811,-71.61
2812,-71.60
2813,-71.60
2814,-71.60
2815,-71.59
2816,-71.57
2817,-71.57
2818,-71.56
2819,-71.54
2820,-71.54
2821,-71.53
2822,-71.52
2823,-71.52
2824,-71.51
2825,-71.51
2826,-71.51
2827,-71.50
2828,-71.47
2829,-71.47
2830,-71.47
2831,-71.46
2832,-71.45
2833,-71.44
2834,-71.44
2835,-71.43
2836,-71.43
2837,-71.42
2838,-71.42
2839,-71.41
2840,-71.40
2841,-71.39
2842,-71.38
2843,-71.38
2844,-71.37
2845,-71.37
2846,-71.35
2847,-71.35
2848,-71.35
2849,-71.35
2850,-71.34
2851,-71.31
2852,-71.31
2853,-71.30
2854,-71.29
2855,-71.29
2856,-71.29
2857,-71.28
2858,-71.27
2859,-71.27
2860,-71.26
2861,-71.26
2862,-71.26
2863,-71.25
2864,-71.24
2865,-71.23
2866,-71.22
2867,-71.22
2868,-71.22
2869,-71.19
2870,-71.19
2871,-71.17
2872,-71.17
2873,-71.16
2874,-71.16
2875,-71.14
2876,-71.14
2877,-71.13
2878,-71.11
2879,-71.09
2880,-71.09
2881,-71.09
2882,-71.08
2883,-71.08
2884,-71.07
2885,-71.06
2886,-71.06
2887,-71.04
2888,-71.01
2889,-71.01
2890,-71.00
2891,-71.00
2892,-70.99
2893,-70.99
2894,-70.98
2895,-70.97
2896,-70.96
2897,-70.95
2898,-70.94
2899,-70.91
2900,-70.91
2901,-70.89
2902,-70.89
2903,-70.87
2904,-70.87
2905,-70.86
2906,-70.85
2907,-70.84
2908,-70.82
2909,-70.82
2910,-70.82
2911,-70.81
2912,-70.80
2913,-70.80
2914,-70.80
2915,-70.80
2916,-70.79
2917,-70.79
2918,-70.79
2919,-70.77
2920,-70.77
2921,-70.76
2922,-70.74
2923,-70.70
2924,-70.68
2925,-70.66
2926,-70.65
2927,-70.64
2928,-70.63
2929,-70.63
2930,-70.63
2931,-70.61
2932,-70.59
2933,-70.58
2934,-70.58
2935,-70.58
2936,-70.57
2937,-70.53
2938,-70.52
2939,-70.50
2940,-70.50
2941,-70.49
2942,-70.49
2943,-70.45
2944,-70.45
2945,-70.43
2946,-70.41
2947,-70.40
2948,-70.39
2949,-70.38
2950,-70.38
2951,-70.37
2952,-70.37
2953,-70.36
2954,-70.36
2955,-70.34
2956,-70.28
2957,-70.28
2958,-70.27
2959,-70.25
2960,-70.25
2961,-70.24
2962,-70.24
2963,-70.20
2964,-70.20
2965,-70.20
2966,-70.18
2967,-70.18
2968,-70.16
2969,-70.14
2970,-70.13
2971,-70.12
2972,-70.10
2973,-70.10
2974,-70.10
2975,-70.09
2976,-70.06
2977,-70.05
2978,-70.03
2979,-70.01
2980,-69.99
2981,-69.98
2982,-69.97
2983,-69.97
2984,-69.96
2985,-69.96
2986,-69.95
2987,-69.95
2988,-69.92
2989,-69.91
2990,-69.86
2991,-69.85
2992,-69.85
2993,-69.84
2994,-69.83
2995,-69.83
2996,-69.83
2997,-69.83
2998,-69.82
2999,-69.79
3000,-69.78
3001,-69.78
3002,-69.78
3003,-69.77
3004,-69.76
3005,-69.76
3006,-69.75
3007,-69.73
3008,-69.72
3009,-69.71
3010,-69.71
3011,-69.68
3012,-69.67
3013,-69.63
3014,-69.63
3015,-69.61
3016,-69.61
3017,-69.61
3018,-69.60
3019,-69.60
3020,-69.59
3021,-69.59
3022,-69.58
3023,-69.58
3024,-69.57
3025,-69.53
3026,-69.52
3027,-69.52
3028,-69.51
3029,-69.49
3030,-69.49
3031,-69.47
3032,-69.47
3033,-69.46
3034,-69.45
3035,-69.44
3036,-69.43
3037,-69.42
3038,-69.41
3039,-69.39
3040,-69.38
3041,-69.36
3042,-69.34
3043,-69.34
3044,-69.33
3045,-69.30
3046,-69.30
3047,-69.28
3048,-69.26
3049,-69.26
3050,-69.25
3051,-69.23
3052,-69.22
3053,-69.21
3054,-69.20
3055,-69.19
3056,-69.17
3057,-69.16
3058,-69.16
3059,-69.14
3060,-69.13
3061,-69.12
3062,-69.11
3063,-69.09
3064,-69.08
3065,-69.08
3066,-69.08
3067,-69.07
3068,-69.06
3069,-69.06
3070,-69.05
3071,-69.03
3072,-69.01
3073,-69.00
3074,-68.99
3075,-68.99
3076,-68.98
3077,-68.98
3078,-68.97
3079,-68.93
3080,-68.93
3081,-68.92
3082,-68.92
3083,-68.91
3084,-68.91
3085,-68.91
3086,-68.89
3087,-68.89
3088,-68.89
3089,-68.89
3090,-68.88
3091,-68.87
3092,-68.86
3093,-68.85
3094,-68.84
3095,-68.83
3096,-68.82
3097,-68.82
3098,-68.82
3099,-68.81
3100,-68.81
3101,-68.81
3102,-68.80
3103,-68.80
3104,-68.79
3105,-68.79
3106,-68.78
3107,-68.78
3108,-68.76
3109,-68.75
3110,-68.74
3111,-68.73
3112,-68.72
3113,-68.71
3114,-68.70
3115,-68.70
3116,-68.67
3117,-68.67
3118,-68.64
3119,-68.63
3120,-68.63
3121,-68.62
3122,-68.62
3123,-68.60
3124,-68.59
3125,-68.59
3126,-68.58
3127,-68.58
3128,-68.58
3129,-68.57
3130,-68.54
3131,-68.52
3132,-68.50
3133,-68.49
3134,-68.49
3135,-68.48
3136,-68.48
3137,-68.47
3138,-68.45
3139,-68.44
3140,-68.44
3141,-68.39
3142,-68.35
3143,-68.35
3144,-68.34
3145,-68.33
3146,-68.32
3147,-68.31
3148,-68.31
3149,-68.30
3150,-68.30
3151,-68.30
3152,-68.29
3153,-68.29
3154,-68.26
3155,-68.26
3156,-68.26
3157,-68.24
3158,-68.22
3159,-68.21
3160,-68.19
3161,-68.19
3162,-68.19
3163,-68.17
3164,-68.16
3165,-68.15
3166,-68.14
3167,-68.14
3168,-68.12
3169,-68.12
3170,-68.12
3171,-68.12
3172,-68.12
3173,-68.12
3174,-68.12
3175,-68.11
3176,-68.10
3177,-68.10
3178,-68.09
3179,-68.06
3180,-68.05
3181,-68.04
3182,-68.02
3183,-68.02
3184,-67.97
3185,-67.96
3186,-67.94
3187,-67.94
3188,-67.94
3189,-67.93
3190,-67.92
3191,-67.89
3192,-67.89
3193,-67.88
3194,-67.85
3195,-67.85
3196,-67.83
3197,-67.83
3198,-67.81
3199,-67.81
3200,-67.77
3201,-67.72
3202,-67.71
3203,-67.71
3204,-67.71
3205,-67.71
3206,-67.70
3207,-67.70
3208,-67.70
3209,-67.69
3210,-67.66
3211,-67.66
3212,-67.66
3213,-67.62
3214,-67.61
3215,-67.59
3216,-67.57
3217,-67.57
3218,-67.55
3219,-67.54
3220,-67.52
3221,-67.51
3222,-67.51
3223,-67.51
3224,-67.49
3225,-67.48
3226,-67.48
3227,-67.48
3228,-67.46
3229,-67.43
3230,-67.41
3231,-67.40
3232,-67.36
3233,-67.34
3234,-67.32
3235,-67.30
3236,-67.28
3237,-67.27
3238,-67.27
3239,-67.27
3240,-67.25
3241,-67.25
3242,-67.23
3243,-67.22
3244,-67.22
3245,-67.22
3246,-67.19
3247,-67.18
3248,-67.17
3249,-67.17
3250,-67.17
3251,-67.16
3252,-67.16
3253,-67.15
3254,-67.14
3255,-67.13
3256,-67.13
3257,-67.13
3258,-67.11
3259,-67.11
3260,-67.11
3261,-67.11
3262,-67.09
3263,-67.09
3264,-67.09
3265,-67.08
3266,-67.07
3267,-67.07
3268,-67.03
3269,-66.99
3270,-66.98
3271,-66.98
3272,-66.97
3273,-66.97
3274,-66.97
3275,-66.94
3276,-66.93
3277,-66.92
3278,-66.91
3279,-66.88
3280,-66.85
3281,-66.83
3282,-66.82
3283,-66.80
3284,-66.79
3285,-66.78
3286,-66.78
3287,-66.77
3288,-66.76
3289,-66.76
3290,-66.74
3291,-66.73
3292,-66.72
3293,-66.71
3294,-66.68
3295,-66.68
3296,-66.67
3297,-66.67
3298,-66.66
3299,-66.66
3300,-66.66
3301,-66.65
3302,-66.63
3303,-66.61
3304,-66.60
3305,-66.60
3306,-66.60
3307,-66.59
3308,-66.59
3309,-66.59
3310,-66.57
3311,-66.57
3312,-66.54
3313,-66.54
3314,-66.52
3315,-66.52
3316,-66.51
3317,-66.51
3318,-66.46
3319,-66.46
3320,-66.45
3321,-66.45
3322,-66.45
3323,-66.44
3324,-66.43
3325,-66.43
3326,-66.42
3327,-66.41
3328,-66.39
3329,-66.38
3330,-66.38
3331,-66.36
3332,-66.28
3333,-66.27
3334,-66.26
3335,-66.25
3336,-66.24
3337,-66.24
3338,-66.24
3339,-66.21
3340,-66.21
3341,-66.20
3342,-66.20
3343,-66.19
3344,-66.17
3345,-66.15
3346,-66.15
3347,-66.14
3348,-66.13
3349,-66.12
3350,-66.12
3351,-66.11
3352,-66.10
3353,-66.10
3354,-66.08
3355,-66.06
3356,-66.06
3357,-66.05
3358,-66.05
3359,-66.04
3360,-66.04
3361,-66.04
3362,-66.03
3363,-66.01
3364,-66.01
3365,-65.99
3366,-65.99
3367,-65.96
3368,-65.96
3369,-65.94
3370,-65.94
3371,-65.94
3372,-65.93
3373,-65.93
3374,-65.92
3375,-65.92
3376,-65.92
3377,-65.91
3378,-65.90
3379,-65.89
3380,-65.87
3381,-65.86
3382,-65.86
3383,-65.83
3384,-65.82
3385,-65.81
3386,-65.81
3387,-65.78
3388,-65.77
3389,-65.75
3390,-65.70
3391,-65.70
3392,-65.70
3393,-65.69
3394,-65.67
3395,-65.66
3396,-65.65
3397,-65.64
3398,-65.60
3399,-65.60
3400,-65.59
3401,-65.56
3402,-65.55
3403,-65.55
3404,-65.51
3405,-65.50
3406,-65.50
3407,-65.47
3408,-65.46
3409,-65.46
3410,-65.45
3411,-65.45
3412,-65.44
3413,-65.43
3414,-65.43
3415,-65.42
3416,-65.42
3417,-65.41
3418,-65.39
3419,-65.34
3420,-65.32
3421,-65.31
3422,-65.29
3423,-65.28
3424,-65.27
3425,-65.26
3426,-65.24
3427,-65.24
3428,-65.23
3429,-65.23
3430,-65.22
3431,-65.21
3432,-65.20
3433,-65.19
3434,-65.18
3435,-65.15
3436,-65.14
3437,-65.14
3438,-65.13
3439,-65.12
3440,-65.11
3441,-65.11
3442,-65.10
3443,-65.09
3444,-65.08
3445,-65.06
3446,-65.03
3447,-65.03
3448,-65.03
3449,-65.01
3450,-65.01
3451,-65.00
3452,-65.00
3453,-64.99
3454,-64.96
3455,-64.95
3456,-64.94
3457,-64.94
3458,-64.94
3459,-64.93
3460,-64.92
3461,-64.91
3462,-64.91
3463,-64.91
3464,-64.90
3465,-64.89
3466,-64.89
3467,-64.88
3468,-64.87
3469,-64.86
3470,-64.86
3471,-64.85
3472,-64.85
3473,-64.85
3474,-64.84
3475,-64.82
3476,-64.81
3477,-64.81
3478,-64.81
3479,-64.80
3480,-64.80
3481,-64.80
3482,-64.79
3483,-64.79
3484,-64.78
3485,-64.78
3486,-64.77
3487,-64.76
3488,-64.75
3489,-64.74
3490,-64.73
3491,-64.73
3492,-64.72
3493,-64.72
3494,-64.72
3495,-64.71
3496,-64.70
3497,-64.69
3498,-64.69
3499,-64.69
3500,-64.66
3501,-64.65
3502,-64.65
3503,-64.64
3504,-64.63
3505,-64.62
3506,-64.60
3507,-64.60
3508,-64.58
3509,-64.58
3510,-64.56
3511,-64.56
3512,-64.56
3513,-64.55
3514,-64.55
3515,-64.54
3516,-64.53
3517,-64.50
3518,-64.49
3519,-64.48
3520,-64.48
3521,-64.47
3522,-64.47
3523,-64.45
3524,-64.43
3525,-64.43
3526,-64.41
3527,-64.41
3528,-64.40
3529,-64.40
3530,-64.39
3531,-64.39
3532,-64.39
3533,-64.39
3534,-64.37
3535,-64.37
3536,-64.37
3537,-64.37
3538,-64.36
3539,-64.35
3540,-64.34
3541,-64.34
3542,-64.34
3543,-64.34
3544,-64.33
3545,-64.32
3546,-64.28
3547,-64.28
3548,-64.27
3549,-64.25
3550,-64.23
3551,-64.23
3552,-64.22
3553,-64.21
3554,-64.20
3555,-64.19
3556,-64.18
3557,-64.18
3558,-64.18
3559,-64.17
3560,-64.16
3561,-64.16
3562,-64.16
3563,-64.15
3564,-64.13
3565,-64.13
3566,-64.13
3567,-64.12
3568,-64.11
3569,-64.08
3570,-64.07
3571,-64.05
3572,-64.02
3573,-64.01
3574,-64.01
3575,-63.99
3576,-63.97
3577,-63.95
3578,-63.94
3579,-63.93
3580,-63.92
3581,-63.90
3582,-63.89
3583,-63.87
3584,-63.87
3585,-63.86
3586,-63.86
3587,-63.81
3588,-63.81
3589,-63.80
3590,-63.80
3591,-63.79
3592,-63.79
3593,-63.78
3594,-63.76
3595,-63.76
3596,-63.76
3597,-63.75
3598,-63.70
3599,-63.70
3600,-63.69
3601,-63.68
3602,-63.66
3603,-63.66
3604,-63.65
3605,-63.64
3606,-63.64
3607,-63.62
3608,-63.61
3609,-63.61
3610,-63.60
3611,-63.60
3612,-63.58
3613,-63.58
3614,-63.56
3615,-63.56
3616,-63.56
3617,-63.55
3618,-63.54
3619,-63.53
3620,-63.52
3621,-63.51
3622,-63.51
3623,-63.51
3624,-63.49
3625,-63.48
3626,-63.47
3627,-63.46
3628,-63.42
3629,-63.39
3630,-63.35
3631,-63.34
3632,-63.33
3633,-63.32
3634,-63.32
3635,-63.31
3636,-63.28
3637,-63.28
3638,-63.28
3639,-63.27
3640,-63.22
3641,-63.21
3642,-63.20
3643,-63.19
3644,-63.17
3645,-63.16
3646,-63.16
3647,-63.14
3648,-63.13
3649,-63.10
3650,-63.09
3651,-63.08
3652,-63.08
3653,-63.08
3654,-63.05
3655,-63.04
3656,-63.01
3657,-62.97
3658,-62.97
3659,-62.94
3660,-62.93
3661,-62.93
3662,-62.92
3663,-62.90
3664,-62.89
3665,-62.88
3666,-62.88
3667,-62.88
3668,-62.87
3669,-62.86
3670,-62.85
3671,-62.85
3672,-62.84
3673,-62.83
3674,-62.83
3675,-62.82
3676,-62.82
3677,-62.81
3678,-62.80
3679,-62.80
3680,-62.80
3681,-62.78
3682,-62.78
3683,-62.78
3684,-62.77
3685,-62.75
3686,-62.75
3687,-62.75
3688,-62.72
3689,-62.72
3690,-62.72
3691,-62.72
3692,-62.71
3693,-62.71
3694,-62.70
3695,-62.69
3696,-62.68
3697,-62.67
3698,-62.67
3699,-62.66
3700,-62.65
3701,-62.64
3702,-62.64
3703,-62.62
3704,-62.62
3705,-62.61
3706,-62.58
3707,-62.58
3708,-62.56
3709,-62.56
3710,-62.54
3711,-62.53
3712,-62.53
3713,-62.52
3714,-62.50
3715,-62.50
3716,-62.49
3717,-62.48
3718,-62.46
3719,-62.46
3720,-62.44
3721,-62.44
3722,-62.44
3723,-62.44
3724,-62.41
3725,-62.41
3726,-62.40
3727,-62.40
3728,-62.39
3729,-62.37
3730,-62.37
3731,-62.36
3732,-62.35
3733,-62.34
3734,-62.32
3735,-62.32
3736,-62.31
3737,-62.30
3738,-62.29
3739,-62.28
3740,-62.28
3741,-62.25
3742,-62.24
3743,-62.24
3744,-62.21
3745,-62.21
3746,-62.20
3747,-62.18
3748,-62.17
3749,-62.17
3750,-62.16
3751,-62.14
3752,-62.13
3753,-62.09
3754,-62.06
3755,-62.04
3756,-62.03
3757,-62.03
3758,-62.02
3759,-62.01
3760,-61.99
3761,-61.99
3762,-61.98
3763,-61.98
3764,-61.97
3765,-61.95
3766,-61.95
3767,-61.94
3768,-61.94
3769,-61.94
3770,-61.94
3771,-61.93
3772,-61.93
3773,-61.91
3774,-61.90
3775,-61.89
3776,-61.88
3777,-61.87
3778,-61.86
3779,-61.86
3780,-61.85
3781,-61.84
3782,-61.84
3783,-61.81
3784,-61.81
3785,-61.80
3786,-61.77
3787,-61.75
3788,-61.74
3789,-61.70
3790,-61.69
3791,-61.68
3792,-61.67
3793,-61.67
3794,-61.66
3795,-61.66
3796,-61.65
3797,-61.64
3798,-61.63
3799,-61.63
3800,-61.62
3801,-61.62
3802,-61.61
3803,-61.59
3804,-61.58
3805,-61.57
3806,-61.56
3807,-61.56
3808,-61.56
3809,-61.53
3810,-61.53
3811,-61.52
3812,-61.50
3813,-61.50
3814,-61.50
3815,-61.50
3816,-61.49
3817,-61.47
3818,-61.44
3819,-61.43
3820,-61.43
3821,-61.43
3822,-61.40
3823,-61.40
3824,-61.40
3825,-61.37
3826,-61.37
3827,-61.35
3828,-61.35
3829,-61.35
3830,-61.35
3831,-61.34
3832,-61.33
3833,-61.32
3834,-61.32
3835,-61.32
3836,-61.32
3837,-61.31
3838,-61.31
3839,-61.30
3840,-61.30
3841,-61.28
3842,-61.27
3843,-61.26
3844,-61.26
3845,-61.25
3846,-61.24
3847,-61.20
3848,-61.20
3849,-61.19
3850,-61.18
3851,-61.17
3852,-61.16
3853,-61.16
3854,-61.16
3855,-61.15
3856,-61.14
3857,-61.13
3858,-61.11
3859,-61.10
3860,-61.08
3861,-61.08
3862,-61.08
3863,-61.07
3864,-61.07
3865,-61.06
3866,-61.05
3867,-61.04
3868,-61.03
3869,-61.02
3870,-61.02
3871,-60.99
3872,-60.99
3873,-60.95
3874,-60.92
3875,-60.92
3876,-60.91
3877,-60.91
3878,-60.88
3879,-60.88
3880,-60.87
3881,-60.87
3882,-60.87
3883,-60.87
3884,-60.85
3885,-60.85
3886,-60.84
3887,-60.83
3888,-60.81
3889,-60.80
3890,-60.79
3891,-60.78
3892,-60.78
3893,-60.76
3894,-60.76
3895,-60.73
3896,-60.73
3897,-60.71
3898,-60.68
3899,-60.68
3900,-60.68
3901,-60.67
3902,-60.67
3903,-60.66
3904,-60.66
3905,-60.66
3906,-60.63
3907,-60.61
3908,-60.57
3909,-60.57
3910,-60.52
3911,-60.52
3912,-60.51
3913,-60.51
3914,-60.50
3915,-60.49
3916,-60.47
3917,-60.44
3918,-60.43
3919,-60.43
3920,-60.41
3921,-60.40
3922,-60.39
3923,-60.39
3924,-60.35
3925,-60.35
3926,-60.32
3927,-60.32
3928,-60.32
3929,-60.28
3930,-60.26
3931,-60.25
3932,-60.25
3933,-60.23
3934,-60.17
3935,-60.16
3936,-60.16
3937,-60.14
3938,-60.12
3939,-60.11
3940,-60.11
3941,-60.09
3942,-60.09
3943,-60.09
3944,-60.09
3945,-60.08
3946,-60.05
3947,-60.04
3948,-60.04
3949,-60.02
3950,-60.02
3951,-60.02
3952,-60.02
3953,-60.01
3954,-60.01
3955,-60.01
3956,-60.00
3957,-59.98
3958,-59.98
3959,-59.97
3960,-59.97
3961,-59.96
3962,-59.93
3963,-59.93
3964,-59.92
3965,-59.89
3966,-59.89
3967,-59.89
3968,-59.87
3969,-59.86
3970,-59.85
3971,-59.84
3972,-59.84
3973,-59.81
3974,-59.81
3975,-59.80
3976,-59.78
3977,-59.77
3978,-59.76
3979,-59.75
3980,-59.75
3981,-59.74
3982,-59.74
3983,-59.73
3984,-59.70
3985,-59.68
3986,-59.66
3987,-59.65
3988,-59.64
3989,-59.63
3990,-59.61
3991,-59.61
3992,-59.59
3993,-59.59
3994,-59.59
3995,-59.58
3996,-59.58
3997,-59.58
3998,-59.57
3999,-59.54
4000,-59.54
4001,-59.54
4002,-59.53
4003,-59.53
4004,-59.51
4005,-59.50
4006,-59.49
4007,-59.48
4008,-59.48
4009,-59.48
4010,-59.45
4011,-59.43
4012,-59.42
4013,-59.42
4014,-59.41
4015,-59.41
4016,-59.39
4017,-59.39
4018,-59.39
4019,-59.38
4020,-59.37
4021,-59.37
4022,-59.37
4023,-59.36
4024,-59.36
4025,-59.33
4026,-59.33
4027,-59.32
4028,-59.32
4029,-59.32
4030,-59.31
4031,-59.31
4032,-59.30
4033,-59.30
4034,-59.29
4035,-59.29
4036,-59.28
4037,-59.27
4038,-59.26
4039,-59.26
4040,-59.25
4041,-59.24
4042,-59.24
4043,-59.23
4044,-59.22
4045,-59.21
4046,-59.21
4047,-59.19
4048,-59.19
4049,-59.19
4050,-59.18
4051,-59.17
4052,-59.14
4053,-59.13
4054,-59.10
4055,-59.07
4056,-59.05
4057,-59.03
4058,-59.01
4059,-59.01
4060,-58.99
4061,-58.98
4062,-58.97
4063,-58.93
4064,-58.92
4065,-58.92
4066,-58.91
4067,-58.89
4068,-58.87
4069,-58.85
4070,-58.85
4071,-58.84
4072,-58.84
4073,-58.83
4074,-58.83
4075,-58.79
4076,-58.76
4077,-58.76
4078,-58.74
4079,-58.73
4080,-58.70
4081,-58.68
4082,-58.67
4083,-58.64
4084,-58.61
4085,-58.60
4086,-58.59
4087,-58.59
4088,-58.59
4089,-58.58
4090,-58.56
4091,-58.56
4092,-58.49
4093,-58.49
4094,-58.49
4095,-58.47
4096,-58.47
4097,-58.47
4098,-58.47
4099,-58.46
4100,-58.45
4101,-58.44
4102,-58.43
4103,-58.43
4104,-58.42
4105,-58.42
4106,-58.41
4107,-58.38
4108,-58.37
4109,-58.37
4110,-58.36
4111,-58.36
4112,-58.34
4113,-58.31
4114,-58.28
4115,-58.28
4116,-58.28
4117,-58.26
4118,-58.26
4119,-58.26
4120,-58.25
4121,-58.25
4122,-58.25
4123,-58.24
4124,-58.22
4125,-58.21
4126,-58.19
4127,-58.15
4128,-58.15
4129,-58.13
4130,-58.13
4131,-58.12
4132,-58.12
4133,-58.12
4134,-58.11
4135,-58.10
4136,-58.09
4137,-58.09
4138,-58.07
4139,-58.06
4140,-58.03
4141,-58.03
4142,-58.00
4143,-58.00
4144,-57.99
4145,-57.99
4146,-57.96
4147,-57.94
4148,-57.94
4149,-57.94
4150,-57.92
4151,-57.92
4152,-57.91
4153,-57.89
4154,-57.85
4155,-57.85
4156,-57.82
4157,-57.82
4158,-57.80
4159,-57.79
4160,-57.78
4161,-57.78
4162,-57.76
4163,-57.76
4164,-57.75
4165,-57.75
4166,-57.75
4167,-57.75
4168,-57.74
4169,-57.74
4170,-57.72
4171,-57.72
4172,-57.71
4173,-57.68
4174,-57.66
4175,-57.66
4176,-57.64
4177,-57.64
4178,-57.64
4179,-57.63
4180,-57.63
4181,-57.63
4182,-57.63
4183,-57.62
4184,-57.61
4185,-57.61
4186,-57.60
4187,-57.58
4188,-57.56
4189,-57.56
4190,-57.56
4191,-57.56
4192,-57.53
4193,-57.52
4194,-57.51
4195,-57.51
4196,-57.51
4197,-57.49
4198,-57.49
4199,-57.48
4200,-57.47
4201,-57.46
4202,-57.44
4203,-57.42
4204,-57.41
4205,-57.41
4206,-57.39
4207,-57.38
4208,-57.37
4209,-57.36
4210,-57.35
4211,-57.34
4212,-57.33
4213,-57.33
4214,-57.30
4215,-57.28
4216,-57.25
4217,-57.22
4218,-57.22
4219,-57.21
4220,-57.21
4221,-57.19
4222,-57.18
4223,-57.18
4224,-57.18
4225,-57.18
4226,-57.17
4227,-57.17
4228,-57.15
4229,-57.15
4230,-57.13
4231,-57.13
4232,-57.12
4233,-57.10
4234,-57.10
4235,-57.09
4236,-57.09
4237,-57.08
4238,-57.07
4239,-57.07
4240,-57.06
4241,-57.03
4242,-57.02
4243,-57.02
4244,-57.02
4245,-57.00
4246,-57.00
4247,-56.99
4248,-56.97
4249,-56.97
4250,-56.96
4251,-56.94
4252,-56.94
4253,-56.94
4254,-56.92
4255,-56.92
4256,-56.91
4257,-56.87
4258,-56.87
4259,-56.87
4260,-56.84
4261,-56.84
4262,-56.82
4263,-56.82
4264,-56.82
4265,-56.80
4266,-56.79
4267,-56.79
4268,-56.78
4269,-56.77
4270,-56.76
4271,-56.76
4272,-56.75
4273,-56.74
4274,-56.73
4275,-56.69
4276,-56.68
4277,-56.67
4278,-56.67
4279,-56.66
4280,-56.66
4281,-56.64
4282,-56.64
4283,-56.63
4284,-56.62
4285,-56.62
4286,-56.61
4287,-56.60
4288,-56.58
4289,-56.57
4290,-56.57
4291,-56.54
4292,-56.54
4293,-56.53
4294,-56.53
4295,-56.52
4296,-56.51
4297,-56.51
4298,-56.50
4299,-56.50
4300,-56.48
4301,-56.48
4302,-56.46
4303,-56.44
4304,-56.44
4305,-56.44
4306,-56.43
4307,-56.42
4308,-56.42
4309,-56.39
4310,-56.39
4311,-56.38
4312,-56.38
4313,-56.37
4314,-56.37
4315,-56.37
4316,-56.36
4317,-56.35
4318,-56.35
4319,-56.34
4320,-56.33
4321,-56.33
4322,-56.31
4323,-56.31
4324,-56.30
4325,-56.27
4326,-56.26
4327,-56.24
4328,-56.23
4329,-56.22
4330,-56.22
4331,-56.19
4332,-56.18
4333,-56.18
4334,-56.12
4335,-56.11
4336,-56.10
4337,-56.10
4338,-56.08
4339,-56.06
4340,-56.06
4341,-56.04
4342,-56.02
4343,-56.01
4344,-56.00
4345,-56.00
4346,-56.00
4347,-56.00
4348,-55.99
4349,-55.98
4350,-55.98
4351,-55.98
4352,-55.97
4353,-55.97
4354,-55.97
4355,-55.95
4356,-55.93
4357,-55.91
4358,-55.91
4359,-55.89
4360,-55.88
4361,-55.88
4362,-55.87
4363,-55.87
4364,-55.84
4365,-55.83
4366,-55.81
4367,-55.81
4368,-55.80
4369,-55.78
4370,-55.77
4371,-55.77
4372,-55.77
4373,-55.77
4374,-55.77
4375,-55.77
4376,-55.75
4377,-55.75
4378,-55.74
4379,-55.74
4380,-55.72
4381,-55.72
4382,-55.67
4383,-55.66
4384,-55.65
4385,-55.65
4386,-55.64
4387,-55.61
4388,-55.58
4389,-55.55
4390,-55.53
4391,-55.53
4392,-55.53
4393,-55.52
4394,-55.52
4395,-55.51
4396,-55.51
4397,-55.50
4398,-55.49
4399,-55.49
4400,-55.48
4401,-55.47
4402,-55.47
4403,-55.45
4404,-55.45
4405,-55.44
4406,-55.41
4407,-55.41
4408,-55.39
4409,-55.38
4410,-55.37
4411,-55.37
4412,-55.36
4413,-55.35
4414,-55.34
4415,-55.32
4416,-55.32
4417,-55.31
4418,-55.30
4419,-55.28
4420,-55.28
4421,-55.28
4422,-55.28
4423,-55.27
4424,-55.26
4425,-55.26
4426,-55.24
4427,-55.24
4428,-55.23
4429,-55.22
4430,-55.20
4431,-55.20
4432,-55.19
4433,-55.19
4434,-55.18
4435,-55.18
4436,-55.18
4437,-55.18
4438,-55.17
4439,-55.17
4440,-55.16
4441,-55.16
4442,-55.16
4443,-55.16
4444,-55.16
4445,-55.16
4446,-55.14
4447,-55.14
4448,-55.13
4449,-55.13
4450,-55.12
4451,-55.11
4452,-55.10
4453,-55.09
4454,-55.07
4455,-55.06
4456,-55.05
4457,-55.04
4458,-55.03
4459,-55.03
4460,-55.01
4461,-55.01
4462,-55.00
4463,-54.98
4464,-54.96
4465,-54.93
4466,-54.93
4467,-54.92
4468,-54.92
4469,-54.92
4470,-54.90
4471,-54.88
4472,-54.86
4473,-54.85
4474,-54.85
4475,-54.84
4476,-54.83
4477,-54.81
4478,-54.81
4479,-54.81
4480,-54.80
4481,-54.80
4482,-54.79
4483,-54.78
4484,-54.78
4485,-54.77
4486,-54.76
4487,-54.75
4488,-54.74
4489,-54.73
4490,-54.73
4491,-54.71
4492,-54.71
4493,-54.70
4494,-54.70
4495,-54.68
4496,-54.67
4497,-54.63
4498,-54.63
4499,-54.62
4500,-54.61
4501,-54.58
4502,-54.58
4503,-54.58
4504,-54.56
4505,-54.55
4506,-54.55
4507,-54.54
4508,-54.53
4509,-54.52
4510,-54.52
4511,-54.51
4512,-54.50
4513,-54.50
4514,-54.48
4515,-54.48
4516,-54.47
4517,-54.47
4518,-54.46
4519,-54.45
4520,-54.45
4521,-54.45
4522,-54.44
4523,-54.44
4524,-54.43
4525,-54.40
4526,-54.39
4527,-54.36
4528,-54.35
4529,-54.35
4530,-54.34
4531,-54.33
4532,-54.33
4533,-54.33
4534,-54.33
4535,-54.31
4536,-54.27
4537,-54.26
4538,-54.23
4539,-54.23
4540,-54.23
4541,-54.22
4542,-54.21
4543,-54.20
4544,-54.19
4545,-54.19
4546,-54.19
4547,-54.18
4548,-54.17
4549,-54.17
4550,-54.12
4551,-54.10
4552,-54.09
4553,-54.08
4554,-54.06
4555,-54.04
4556,-54.04
4557,-54.01
4558,-54.00
4559,-54.00
4560,-53.99
4561,-53.99
4562,-53.99
4563,-53.98
4564,-53.97
4565,-53.97
4566,-53.95
4567,-53.93
4568,-53.92
4569,-53.90
4570,-53.89
4571,-53.87
4572,-53.86
4573,-53.85
4574,-53.84
4575,-53.82
4576,-53.81
4577,-53.81
4578,-53.78
4579,-53.78
4580,-53.75
4581,-53.75
4582,-53.72
4583,-53.71
4584,-53.70
4585,-53.69
4586,-53.69
4587,-53.68
4588,-53.68
4589,-53.67
4590,-53.67
4591,-53.65
4592,-53.63
4593,-53.62
4594,-53.60
4595,-53.60
4596,-53.60
4597,-53.59
4598,-53.58
4599,-53.58
4600,-53.55
4601,-53.55
4602,-53.55
4603,-53.54
4604,-53.54
4605,-53.53
4606,-53.53
4607,-53.52
4608,-53.51
4609,-53.49
4610,-53.49
4611,-53.48
4612,-53.48
4613,-53.47
4614,-53.46
4615,-53.42
4616,-53.41
4617,-53.41
4618,-53.39
4619,-53.38
4620,-53.36
4621,-53.34
4622,-53.32
4623,-53.32
4624,-53.31
4625,-53.30
4626,-53.30
4627,-53.30
4628,-53.30
4629,-53.28
4630,-53.25
4631,-53.25
4632,-53.24
4633,-53.24
4634,-53.24
4635,-53.23
4636,-53.23
4637,-53.23
4638,-53.22
4639,-53.21
4640,-53.21
4641,-53.19
4642,-53.17
4643,-53.16
4644,-53.16
4645,-53.14
4646,-53.14
4647,-53.14
4648,-53.13
4649,-53.12
4650,-53.11
4651,-53.10
4652,-53.08
4653,-53.07
4654,-53.07
4655,-53.07
4656,-53.05
4657,-53.05
4658,-53.05
4659,-53.05
4660,-53.04
4661,-53.01
4662,-53.01
4663,-53.00
4664,-53.00
4665,-52.99
4666,-52.98
4667,-52.98
4668,-52.96
4669,-52.96
4670,-52.96
4671,-52.95
4672,-52.95
4673,-52.94
4674,-52.93
4675,-52.93
4676,-52.92
4677,-52.92
4678,-52.91
4679,-52.91
4680,-52.88
4681,-52.86
4682,-52.85
4683,-52.85
4684,-52.85
4685,-52.85
4686,-52.84
4687,-52.84
4688,-52.84
4689,-52.83
4690,-52.82
4691,-52.81
4692,-52.80
4693,-52.80
4694,-52.79
4695,-52.79
4696,-52.78
4697,-52.77
4698,-52.74
4699,-52.73
4700,-52.72
4701,-52.72
4702,-52.70
4703,-52.68
4704,-52.68
4705,-52.67
4706,-52.65
4707,-52.63
4708,-52.63
4709,-52.63
4710,-52.62
4711,-52.62
4712,-52.61
4713,-52.61
4714,-52.58
4715,-52.57
4716,-52.56
4717,-52.54
4718,-52.54
4719,-52.53
4720,-52.52
4721,-52.51
4722,-52.47
4723,-52.46
4724,-52.45
4725,-52.44
4726,-52.44
4727,-52.42
4728,-52.41
4729,-52.40
4730,-52.40
4731,-52.39
4732,-52.39
4733,-52.39
4734,-52.39
4735,-52.34
4736,-52.33
4737,-52.32
4738,-52.32
4739,-52.31
4740,-52.31
4741,-52.30
4742,-52.29
4743,-52.28
4744,-52.27
4745,-52.25
4746,-52.25
4747,-52.22
4748,-52.22
4749,-52.18
4750,-52.16
4751,-52.14
4752,-52.13
4753,-52.11
4754,-52.10
4755,-52.06
4756,-52.05
4757,-52.04
4758,-52.04
4759,-52.03
4760,-52.03
4761,-52.00
4762,-51.99
4763,-51.99
4764,-51.98
4765,-51.97
4766,-51.96
4767,-51.95
4768,-51.95
4769,-51.94
4770,-51.93
4771,-51.93
4772,-51.92
4773,-51.91
4774,-51.91
4775,-51.90
4776,-51.89
4777,-51.86
4778,-51.85
4779,-51.83
4780,-51.83
4781,-51.82
4782,-51.80
4783,-51.80
4784,-51.79
4785,-51.79
4786,-51.78
4787,-51.78
4788,-51.76
4789,-51.76
4790,-51.75
4791,-51.74
4792,-51.74
4793,-51.74
4794,-51.73
4795,-51.72
4796,-51.72
4797,-51.71
4798,-51.71
4799,-51.71
4800,-51.68
4801,-51.66
4802,-51.64
4803,-51.64
4804,-51.61
4805,-51.60
4806,-51.59
4807,-51.59
4808,-51.58
4809,-51.56
4810,-51.55
4811,-51.54
4812,-51.54
4813,-51.52
4814,-51.52
4815,-51.48
4816,-51.46
4817,-51.42
4818,-51.41
4819,-51.40
4820,-51.40
4821,-51.39
4822,-51.38
4823,-51.38
4824,-51.36
4825,-51.36
4826,-51.36
4827,-51.34
4828,-51.33
4829,-51.32
4830,-51.31
4831,-51.31
4832,-51.31
4833,-51.30
4834,-51.29
4835,-51.28
4836,-51.28
4837,-51.28
4838,-51.28
4839,-51.27
4840,-51.27
4841,-51.27
4842,-51.26
4843,-51.26
4844,-51.25
4845,-51.25
4846,-51.24
4847,-51.23
4848,-51.22
4849,-51.22
4850,-51.21
4851,-51.21
4852,-51.20
4853,-51.20
4854,-51.17
4855,-51.17
4856,-51.17
4857,-51.17
4858,-51.16
4859,-51.16
4860,-51.16
4861,-51.15
4862,-51.14
4863,-51.14
4864,-51.13
4865,-51.12
4866,-51.11
4867,-51.11
4868,-51.10
4869,-51.10
4870,-51.09
4871,-51.08
4872,-51.07
4873,-51.07
4874,-51.06
4875,-51.06
4876,-51.06
4877,-51.05
4878,-51.05
4879,-51.03
4880,-51.03
4881,-51.02
4882,-51.02
4883,-51.01
4884,-51.00
4885,-50.99
4886,-50.98
4887,-50.98
4888,-50.98
4889,-50.98
4890,-50.96
4891,-50.93
4892,-50.92
4893,-50.91
4894,-50.90
4895,-50.90
4896,-50.90
4897,-50.87
4898,-50.86
4899,-50.85
4900,-50.83
4901,-50.83
4902,-50.80
4903,-50.80
4904,-50.79
4905,-50.79
4906,-50.78
4907,-50.78
4908,-50.77
4909,-50.77
4910,-50.74
4911,-50.74
4912,-50.74
4913,-50.73
4914,-50.72
4915,-50.70
4916,-50.65
4917,-50.63
4918,-50.61
4919,-50.60
4920,-50.60
4921,-50.59
4922,-50.59
4923,-50.59
4924,-50.59
4925,-50.58
4926,-50.56
4927,-50.55
4928,-50.54
4929,-50.54
4930,-50.53
4931,-50.51
4932,-50.50
4933,-50.49
4934,-50.49
4935,-50.48
4936,-50.47
4937,-50.46
4938,-50.45
4939,-50.45
4940,-50.42
4941,-50.40
4942,-50.39
4943,-50.39
4944,-50.38
4945,-50.36
4946,-50.36
4947,-50.34
4948,-50.34
4949,-50.33
4950,-50.33
4951,-50.33
4952,-50.31
4953,-50.30
4954,-50.28
4955,-50.28
4956,-50.26
4957,-50.26
4958,-50.25
4959,-50.25
4960,-50.25
4961,-50.24
4962,-50.23
4963,-50.23
4964,-50.22
4965,-50.21
4966,-50.20
4967,-50.20
4968,-50.20
4969,-50.17
4970,-50.17
4971,-50.16
4972,-50.15
4973,-50.15
4974,-50.15
4975,-50.15
4976,-50.15
4977,-50.15
4978,-50.11
4979,-50.09
4980,-50.09
4981,-50.08
4982,-50.06
4983,-50.05
4984,-50.01
4985,-49.99
4986,-49.99
4987,-49.99
4988,-49.98
4989,-49.97
4990,-49.96
4991,-49.96
4992,-49.96
4993,-49.95
4994,-49.93
4995,-49.93
4996,-49.92
4997,-49.90
4998,-49.90
4999,-49.87
5000,-49.87
5001,-49.84
5002,-49.83
5003,-49.83
5004,-49.81
5005,-49.80
5006,-49.79
5007,-49.78
5008,-49.77
5009,-49.72
5010,-49.72
5011,-49.71
5012,-49.70
5013,-49.70
5014,-49.70
5015,-49.70
5016,-49.69
5017,-49.65
5018,-49.65
5019,-49.65
5020,-49.64
5021,-49.62
5022,-49.62
5023,-49.61
5024,-49.61
5025,-49.59
5026,-49.59
5027,-49.58
5028,-49.57
5029,-49.57
5030,-49.56
5031,-49.55
5032,-49.54
5033,-49.50
5034,-49.50
5035,-49.50
5036,-49.49
5037,-49.48
5038,-49.46
5039,-49.45
5040,-49.43
5041,-49.42
5042,-49.41
5043,-49.41
5044,-49.40
5045,-49.40
5046,-49.37
5047,-49.37
5048,-49.33
5049,-49.33
5050,-49.33
5051,-49.31
5052,-49.31
5053,-49.31
5054,-49.30
5055,-49.29
5056,-49.29
5057,-49.28
5058,-49.27
5059,-49.26
5060,-49.24
5061,-49.23
5062,-49.23
5063,-49.21
5064,-49.19
5065,-49.18
5066,-49.18
5067,-49.18
5068,-49.17
5069,-49.16
5070,-49.16
5071,-49.16
5072,-49.14
5073,-49.11
5074,-49.11
5075,-49.08
5076,-49.06
5077,-49.05
5078,-49.04
5079,-49.04
5080,-49.04
5081,-49.03
5082,-49.01
5083,-48.99
5084,-48.98
5085,-48.94
5086,-48.93
5087,-48.92
5088,-48.92
5089,-48.92
5090,-48.91
5091,-48.91
5092,-48.91
5093,-48.90
5094,-48.88
5095,-48.84
5096,-48.84
5097,-48.83
5098,-48.82
5099,-48.82
5100,-48.81
5101,-48.80
5102,-48.80
5103,-48.79
5104,-48.79
5105,-48.79
5106,-48.77
5107,-48.76
5108,-48.75
5109,-48.75
5110,-48.73
5111,-48.72
5112,-48.72
5113,-48.72
5114,-48.72
5115,-48.69
5116,-48.69
5117,-48.69
5118,-48.63
5119,-48.59
5120,-48.59
5121,-48.58
5122,-48.58
5123,-48.56
5124,-48.56
5125,-48.55
5126,-48.55
5127,-48.54
5128,-48.52
5129,-48.51
5130,-48.51
5131,-48.50
5132,-48.46
5133,-48.46
5134,-48.45
5135,-48.44
5136,-48.43
5137,-48.42
5138,-48.41
5139,-48.40
5140,-48.38
5141,-48.37
5142,-48.36
5143,-48.35
5144,-48.34
5145,-48.33
5146,-48.32
5147,-48.32
5148,-48.32
5149,-48.31
5150,-48.31
5151,-48.29
5152,-48.29
5153,-48.27
5154,-48.26
5155,-48.25
5156,-48.24
5157,-48.22
5158,-48.20
5159,-48.19
5160,-48.19
5161,-48.18
5162,-48.16
5163,-48.16
5164,-48.16
5165,-48.14
5166,-48.12
5167,-48.11
5168,-48.11
5169,-48.09
5170,-48.09
5171,-48.09
5172,-48.07
5173,-48.07
5174,-48.05
5175,-48.04
5176,-48.03
5177,-48.02
5178,-47.99
5179,-47.98
5180,-47.97
5181,-47.97
5182,-47.92
5183,-47.92
5184,-47.92
5185,-47.89
5186,-47.89
5187,-47.83
5188,-47.83
5189,-47.83
5190,-47.82
5191,-47.82
5192,-47.82
5193,-47.82
5194,-47.80
5195,-47.78
5196,-47.74
5197,-47.74
5198,-47.72
5199,-47.72
5200,-47.72
5201,-47.70
5202,-47.70
5203,-47.68
5204,-47.66
5205,-47.66
5206,-47.65
5207,-47.63
5208,-47.60
5209,-47.59
5210,-47.59
5211,-47.59
5212,-47.57
5213,-47.57
5214,-47.56
5215,-47.55
5216,-47.54
5217,-47.54
5218,-47.52
5219,-47.51
5220,-47.50
5221,-47.50
5222,-47.49
5223,-47.48
5224,-47.48
5225,-47.48
5226,-47.47
5227,-47.46
5228,-47.45
5229,-47.43
5230,-47.41
5231,-47.41
5232,-47.40
5233,-47.38
5234,-47.38
5235,-47.37
5236,-47.35
5237,-47.35
5238,-47.32
5239,-47.30
5240,-47.29
5241,-47.29
5242,-47.27
5243,-47.27
5244,-47.26
5245,-47.24
5246,-47.21
5247,-47.21
5248,-47.21
5249,-47.20
5250,-47.20
5251,-47.19
5252,-47.15
5253,-47.14
5254,-47.13
5255,-47.12
5256,-47.12
5257,-47.12
5258,-47.12
5259,-47.12
5260,-47.11
5261,-47.07
5262,-47.07
5263,-47.05
5264,-47.03
5265,-47.02
5266,-47.02
5267,-47.02
5268,-47.01
5269,-47.01
5270,-47.01
5271,-47.00
5272,-47.00
5273,-47.00
5274,-46.99
5275,-46.98
5276,-46.98
5277,-46.97
5278,-46.95
5279,-46.95
5280,-46.93
5281,-46.92
5282,-46.89
5283,-46.89
5284,-46.88
5285,-46.87
5286,-46.85
5287,-46.82
5288,-46.81
5289,-46.81
5290,-46.81
5291,-46.81
5292,-46.78
5293,-46.77
5294,-46.77
5295,-46.76
5296,-46.75
5297,-46.73
5298,-46.73
5299,-46.72
5300,-46.72
5301,-46.71
5302,-46.69
5303,-46.68
5304,-46.67
5305,-46.67
5306,-46.65
5307,-46.64
5308,-46.62
5309,-46.61
5310,-46.60
5311,-46.57
5312,-46.56
5313,-46.54
5314,-46.51
5315,-46.51
5316,-46.48
5317,-46.46
5318,-46.43
5319,-46.43
5320,-46.42
5321,-46.42
5322,-46.41
5323,-46.41
5324,-46.40
5325,-46.39
5326,-46.39
5327,-46.38
5328,-46.37
5329,-46.36
5330,-46.35
5331,-46.33
5332,-46.33
5333,-46.31
5334,-46.30
5335,-46.29
5336,-46.29
5337,-46.28
5338,-46.27
5339,-46.27
5340,-46.26
5341,-46.26
5342,-46.26
5343,-46.26
5344,-46.24
5345,-46.23
5346,-46.23
5347,-46.23
5348,-46.23
5349,-46.22
5350,-46.22
5351,-46.21
5352,-46.20
5353,-46.19
5354,-46.19
5355,-46.17
5356,-46.16
5357,-46.15
5358,-46.14
5359,-46.13
5360,-46.13
5361,-46.11
5362,-46.10
5363,-46.09
5364,-46.08
5365,-46.08
5366,-46.08
5367,-46.07
5368,-46.06
5369,-46.06
5370,-46.05
5371,-46.04
5372,-46.02
5373,-46.02
5374,-46.02
5375,-46.01
5376,-45.97
5377,-45.95
5378,-45.95
5379,-45.95
5380,-45.95
5381,-45.94
5382,-45.93
5383,-45.93
5384,-45.92
5385,-45.91
5386,-45.90
5387,-45.89
5388,-45.88
5389,-45.87
5390,-45.86
5391,-45.86
5392,-45.84
5393,-45.84
5394,-45.83
5395,-45.82
5396,-45.82
5397,-45.81
5398,-45.80
5399,-45.79
5400,-45.78
5401,-45.76
5402,-45.75
5403,-45.75
5404,-45.70
5405,-45.70
5406,-45.67
5407,-45.67
5408,-45.65
5409,-45.64
5410,-45.63
5411,-45.62
5412,-45.61
5413,-45.58
5414,-45.58
5415,-45.58
5416,-45.56
5417,-45.56
5418,-45.56
5419,-45.56
5420,-45.55
5421,-45.54
5422,-45.54
5423,-45.53
5424,-45.52
5425,-45.50
5426,-45.49
5427,-45.49
5428,-45.48
5429,-45.47
5430,-45.45
5431,-45.44
5432,-45.44
5433,-45.42
5434,-45.42
5435,-45.41
5436,-45.41
5437,-45.41
5438,-45.40
5439,-45.40
5440,-45.40
5441,-45.39
5442,-45.38
5443,-45.38
5444,-45.37
5445,-45.36
5446,-45.36
5447,-45.35
5448,-45.34
5449,-45.34
5450,-45.34
5451,-45.33
5452,-45.33
5453,-45.31
5454,-45.28
5455,-45.28
5456,-45.25
5457,-45.25
5458,-45.25
5459,-45.25
5460,-45.24
5461,-45.22
5462,-45.19
5463,-45.15
5464,-45.15
5465,-45.14
5466,-45.11
5467,-45.11
5468,-45.07
5469,-45.07
5470,-45.07
5471,-45.06
5472,-45.06
5473,-45.05
5474,-45.04
5475,-45.04
5476,-45.04
5477,-45.01
5478,-45.00
5479,-44.99
5480,-44.98
5481,-44.96
5482,-44.94
5483,-44.91
5484,-44.89
5485,-44.89
5486,-44.87
5487,-44.85
5488,-44.83
5489,-44.83
5490,-44.82
5491,-44.82
5492,-44.81
5493,-44.80
5494,-44.79
5495,-44.77
5496,-44.77
5497,-44.75
5498,-44.74
5499,-44.74
5500,-44.71
5501,-44.70
5502,-44.70
5503,-44.69
5504,-44.68
5505,-44.67
5506,-44.67
5507,-44.66
5508,-44.65
5509,-44.65
5510,-44.64
5511,-44.64
5512,-44.64
5513,-44.62
5514,-44.61
5515,-44.56
5516,-44.56
5517,-44.56
5518,-44.53
5519,-44.53
5520,-44.50
5521,-44.49
5522,-44.49
5523,-44.48
5524,-44.47
5525,-44.46
5526,-44.46
5527,-44.44
5528,-44.43
5529,-44.40
5530,-44.39
5531,-44.39
5532,-44.39
5533,-44.39
5534,-44.38
5535,-44.37
5536,-44.36
5537,-44.36
5538,-44.35
5539,-44.35
5540,-44.34
5541,-44.30
5542,-44.27
5543,-44.27
5544,-44.25
5545,-44.23
5546,-44.22
5547,-44.21
5548,-44.21
5549,-44.20
5550,-44.20
5551,-44.19
5552,-44.17
5553,-44.17
5554,-44.16
5555,-44.14
5556,-44.14
5557,-44.12
5558,-44.12
5559,-44.10
5560,-44.09
5561,-44.07
5562,-44.06
5563,-44.06
5564,-44.04
5565,-44.04
5566,-44.04
5567,-44.02
5568,-44.01
5569,-44.00
5570,-44.00
5571,-43.99
5572,-43.98
5573,-43.96
5574,-43.96
5575,-43.95
5576,-43.94
5577,-43.92
5578,-43.92
5579,-43.90
5580,-43.90
5581,-43.90
5582,-43.89
5583,-43.88
5584,-43.85
5585,-43.85
5586,-43.84
5587,-43.83
5588,-43.80
5589,-43.79
5590,-43.78
5591,-43.78
5592,-43.78
5593,-43.77
5594,-43.77
5595,-43.77
5596,-43.76
5597,-43.75
5598,-43.73
5599,-43.70
5600,-43.70
5601,-43.68
5602,-43.67
5603,-43.67
5604,-43.67
5605,-43.66
5606,-43.66
5607,-43.65
5608,-43.64
5609,-43.63
5610,-43.63
5611,-43.63
5612,-43.63
5613,-43.61
5614,-43.61
5615,-43.59
5616,-43.57
5617,-43.56
5618,-43.56
5619,-43.55
5620,-43.55
5621,-43.54
5622,-43.53
5623,-43.53
5624,-43.51
5625,-43.48
5626,-43.48
5627,-43.42
5628,-43.41
5629,-43.40
5630,-43.38
5631,-43.38
5632,-43.38
5633,-43.34
5634,-43.33
5635,-43.32
5636,-43.31
5637,-43.30
5638,-43.28
5639,-43.28
5640,-43.28
5641,-43.26
5642,-43.26
5643,-43.26
5644,-43.24
5645,-43.22
5646,-43.22
5647,-43.21
5648,-43.19
5649,-43.19
5650,-43.18
5651,-43.18
5652,-43.17
5653,-43.16
5654,-43.13
5655,-43.13
5656,-43.12
5657,-43.11
5658,-43.10
5659,-43.07
5660,-43.07
5661,-43.06
5662,-43.06
5663,-43.06
5664,-43.05
5665,-43.03
5666,-43.03
5667,-43.03
5668,-43.01
5669,-43.01
5670,-43.00
5671,-42.99
5672,-42.98
5673,-42.97
5674,-42.96
5675,-42.96
5676,-42.96
5677,-42.90
5678,-42.89
5679,-42.88
5680,-42.88
5681,-42.87
5682,-42.87
5683,-42.86
5684,-42.85
5685,-42.83
5686,-42.83
5687,-42.83
5688,-42.83
5689,-42.81
5690,-42.80
5691,-42.80
5692,-42.79
5693,-42.79
5694,-42.77
5695,-42.73
5696,-42.70
5697,-42.70
5698,-42.67
5699,-42.66
5700,-42.63
5701,-42.63
5702,-42.61
5703,-42.61
5704,-42.60
5705,-42.60
5706,-42.59
5707,-42.58
5708,-42.58
5709,-42.56
5710,-42.56
5711,-42.56
5712,-42.55
5713,-42.54
5714,-42.54
5715,-42.54
5716,-42.53
5717,-42.53
5718,-42.52
5719,-42.52
5720,-42.52
5721,-42.51
5722,-42.51
5723,-42.50
5724,-42.50
5725,-42.48
5726,-42.47
5727,-42.47
5728,-42.45
5729,-42.44
5730,-42.42
5731,-42.42
5732,-42.40
5733,-42.39
5734,-42.38
5735,-42.38
5736,-42.37
5737,-42.36
5738,-42.36
5739,-42.34
5740,-42.34
5741,-42.32
5742,-42.31
5743,-42.31
5744,-42.31
5745,-42.30
5746,-42.29
5747,-42.28
5748,-42.28
5749,-42.25
5750,-42.25
5751,-42.24
5752,-42.24
5753,-42.23
5754,-42.21
5755,-42.20
5756,-42.18
5757,-42.15
5758,-42.15
5759,-42.15
5760,-42.10
5761,-42.08
5762,-42.08
5763,-42.07
5764,-42.07
5765,-42.06
5766,-42.06
5767,-42.04
5768,-42.04
5769,-42.04
5770,-42.04
5771,-42.03
5772,-42.03
5773,-42.03
5774,-42.00
5775,-41.99
5776,-41.98
5777,-41.97
5778,-41.96
5779,-41.96
5780,-41.95
5781,-41.94
5782,-41.92
5783,-41.89
5784,-41.88
5785,-41.87
5786,-41.87
5787,-41.85
5788,-41.83
5789,-41.83
5790,-41.82
5791,-41.80
5792,-41.77
5793,-41.76
5794,-41.74
5795,-41.74
5796,-41.73
5797,-41.72
5798,-41.71
5799,-41.70
5800,-41.70
5801,-41.70
5802,-41.69
5803,-41.66
5804,-41.65
5805,-41.65
5806,-41.62
5807,-41.61
5808,-41.61
5809,-41.59
5810,-41.58
5811,-41.57
5812,-41.57
5813,-41.56
5814,-41.56
5815,-41.53
5816,-41.51
5817,-41.51
5818,-41.51
5819,-41.50
5820,-41.47
5821,-41.46
5822,-41.45
5823,-41.45
5824,-41.44
5825,-41.44
5826,-41.43
5827,-41.42
5828,-41.41
5829,-41.41
5830,-41.38
5831,-41.36
5832,-41.34
5833,-41.32
5834,-41.32
5835,-41.31
5836,-41.30
5837,-41.30
5838,-41.28
5839,-41.27
5840,-41.27
5841,-41.26
5842,-41.25
5843,-41.24
5844,-41.22
5845,-41.20
5846,-41.19
5847,-41.18
5848,-41.17
5849,-41.14
5850,-41.13
5851,-41.11
5852,-41.11
5853,-41.09
5854,-41.07
5855,-41.05
5856,-41.04
5857,-41.03
5858,-41.02
5859,-41.02
5860,-40.99
5861,-40.99
5862,-40.99
5863,-40.98
5864,-40.96
5865,-40.95
5866,-40.94
5867,-40.94
5868,-40.93
5869,-40.91
5870,-40.90
5871,-40.90
5872,-40.89
5873,-40.89
5874,-40.89
5875,-40.87
5876,-40.87
5877,-40.86
5878,-40.86
5879,-40.85
5880,-40.85
5881,-40.83
5882,-40.81
5883,-40.79
5884,-40.79
5885,-40.78
5886,-40.78
5887,-40.77
5888,-40.77
5889,-40.77
5890,-40.74
5891,-40.74
5892,-40.71
5893,-40.71
5894,-40.69
5895,-40.69
5896,-40.68
5897,-40.67
5898,-40.67
5899,-40.67
5900,-40.67
5901,-40.66
5902,-40.64
5903,-40.64
5904,-40.64
5905,-40.62
5906,-40.62
5907,-40.61
5908,-40.60
5909,-40.59
5910,-40.59
5911,-40.58
5912,-40.58
5913,-40.57
5914,-40.57
5915,-40.57
5916,-40.56
5917,-40.56
5918,-40.55
5919,-40.53
5920,-40.51
5921,-40.51
5922,-40.51
5923,-40.50
5924,-40.44
5925,-40.42
5926,-40.41
5927,-40.39
5928,-40.38
5929,-40.38
5930,-40.37
5931,-40.37
5932,-40.36
5933,-40.36
5934,-40.34
5935,-40.33
5936,-40.32
5937,-40.29
5938,-40.26
5939,-40.26
5940,-40.26
5941,-40.25
5942,-40.25
5943,-40.24
5944,-40.23
5945,-40.23
5946,-40.20
5947,-40.19
5948,-40.19
5949,-40.19
5950,-40.17
5951,-40.16
5952,-40.15
5953,-40.15
5954,-40.14
5955,-40.13
5956,-40.13
5957,-40.12
5958,-40.12
5959,-40.09
5960,-40.07
5961,-40.06
5962,-40.04
5963,-40.03
5964,-40.00
5965,-39.99
5966,-39.98
5967,-39.98
5968,-39.97
5969,-39.96
5970,-39.95
5971,-39.95
5972,-39.94
5973,-39.94
5974,-39.93
5975,-39.93
5976,-39.93
5977,-39.88
5978,-39.86
5979,-39.85
5980,-39.85
5981,-39.85
5982,-39.84
5983,-39.83
5984,-39.82
5985,-39.82
5986,-39.81
5987,-39.81
5988,-39.81
5989,-39.80
5990,-39.78
5991,-39.78
5992,-39.77
5993,-39.77
5994,-39.73
5995,-39.72
5996,-39.70
5997,-39.69
5998,-39.67
5999,-39.67
6000,-39.66
6001,-39.64
6002,-39.63
6003,-39.62
6004,-39.62
6005,-39.61
6006,-39.59
6007,-39.59
6008,-39.59
6009,-39.58
6010,-39.57
6011,-39.56
6012,-39.54
6013,-39.52
6014,-39.52
6015,-39.52
6016,-39.51
6017,-39.51
6018,-39.51
6019,-39.51
6020,-39.51
6021,-39.48
6022,-39.46
6023,-39.45
6024,-39.45
6025,-39.45
6026,-39.43
6027,-39.41
6028,-39.40
6029,-39.39
6030,-39.38
6031,-39.37
6032,-39.36
6033,-39.36
6034,-39.34
6035,-39.34
6036,-39.33
6037,-39.32
6038,-39.31
6039,-39.30
6040,-39.29
6041,-39.27
6042,-39.26
6043,-39.24
6044,-39.20
6045,-39.19
6046,-39.19
6047,-39.19
6048,-39.19
6049,-39.18
6050,-39.16
6051,-39.15
6052,-39.15
6053,-39.15
6054,-39.14
6055,-39.14
6056,-39.13
6057,-39.12
6058,-39.08
6059,-39.08
6060,-39.08
6061,-39.06
6062,-39.06
6063,-39.04
6064,-39.03
6065,-39.03
6066,-39.03
6067,-39.02
6068,-39.01
6069,-39.00
6070,-38.99
6071,-38.98
6072,-38.96
6073,-38.95
6074,-38.90
6075,-38.89
6076,-38.88
6077,-38.86
6078,-38.86
6079,-38.84
6080,-38.83
6081,-38.82
6082,-38.81
6083,-38.80
6084,-38.79
6085,-38.78
6086,-38.78
6087,-38.76
6088,-38.76
6089,-38.75
6090,-38.71
6091,-38.70
6092,-38.69
6093,-38.69
6094,-38.67
6095,-38.66
6096,-38.66
6097,-38.66
6098,-38.66
6099,-38.65
6100,-38.64
6101,-38.62
6102,-38.61
6103,-38.59
6104,-38.58
6105,-38.57
6106,-38.56
6107,-38.56
6108,-38.53
6109,-38.51
6110,-38.51
6111,-38.47
6112,-38.47
6113,-38.46
6114,-38.41
6115,-38.40
6116,-38.39
6117,-38.39
6118,-38.38
6119,-38.38
6120,-38.38
6121,-38.37
6122,-38.37
6123,-38.37
6124,-38.36
6125,-38.35
6126,-38.34
6127,-38.32
6128,-38.31
6129,-38.30
6130,-38.29
6131,-38.29
6132,-38.29
6133,-38.28
6134,-38.28
6135,-38.26
6136,-38.25
6137,-38.22
6138,-38.22
6139,-38.21
6140,-38.19
6141,-38.18
6142,-38.18
6143,-38.18
6144,-38.16
6145,-38.16
6146,-38.15
6147,-38.15
6148,-38.15
6149,-38.14
6150,-38.14
6151,-38.14
6152,-38.14
6153,-38.14
6154,-38.13
6155,-38.11
6156,-38.11
6157,-38.11
6158,-38.10
6159,-38.09
6160,-38.09
6161,-38.08
6162,-38.07
6163,-38.07
6164,-38.06
6165,-38.06
6166,-38.06
6167,-38.04
6168,-38.04
6169,-38.03
6170,-38.00
6171,-37.95
6172,-37.95
6173,-37.94
6174,-37.94
6175,-37.91
6176,-37.88
6177,-37.87
6178,-37.85
6179,-37.83
6180,-37.83
6181,-37.83
6182,-37.82
6183,-37.82
6184,-37.81
6185,-37.81
6186,-37.80
6187,-37.80
6188,-37.80
6189,-37.80
6190,-37.79
6191,-37.77
6192,-37.75
6193,-37.75
6194,-37.74
6195,-37.74
6196,-37.73
6197,-37.72
6198,-37.70
6199,-37.69
6200,-37.69
6201,-37.68
6202,-37.68
6203,-37.65
6204,-37.65
6205,-37.65
6206,-37.64
6207,-37.62
6208,-37.62
6209,-37.61
6210,-37.61
6211,-37.59
6212,-37.58
6213,-37.57
6214,-37.57
6215,-37.56
6216,-37.53
6217,-37.53
6218,-37.52
6219,-37.51
6220,-37.51
6221,-37.51
6222,-37.49
6223,-37.47
6224,-37.45
6225,-37.45
6226,-37.45
6227,-37.45
6228,-37.45
6229,-37.45
6230,-37.44
6231,-37.43
6232,-37.43
6233,-37.41
6234,-37.41
6235,-37.40
6236,-37.39
6237,-37.38
6238,-37.37
6239,-37.37
6240,-37.37
6241,-37.35
6242,-37.34
6243,-37.34
6244,-37.33
6245,-37.32
6246,-37.31
6247,-37.31
6248,-37.30
6249,-37.30
6250,-37.29
6251,-37.27
6252,-37.26
6253,-37.26
6254,-37.25
6255,-37.25
6256,-37.23
6257,-37.23
6258,-37.23
6259,-37.23
6260,-37.22
6261,-37.22
6262,-37.21
6263,-37.20
6264,-37.18
6265,-37.16
6266,-37.16
6267,-37.16
6268,-37.13
6269,-37.13
6270,-37.12
6271,-37.11
6272,-37.09
6273,-37.07
6274,-37.06
6275,-37.06
6276,-37.02
6277,-37.02
6278,-37.01
6279,-37.00
6280,-37.00
6281,-36.98
6282,-36.98
6283,-36.96
6284,-36.95
6285,-36.95
6286,-36.94
6287,-36.93
6288,-36.93
6289,-36.93
6290,-36.91
6291,-36.90
6292,-36.90
6293,-36.89
6294,-36.88
6295,-36.86
6296,-36.84
6297,-36.82
6298,-36.81
6299,-36.80
6300,-36.76
6301,-36.70
6302,-36.70
6303,-36.69
6304,-36.69
6305,-36.68
6306,-36.68
6307,-36.68
6308,-36.66
6309,-36.65
6310,-36.61
6311,-36.60
6312,-36.57
6313,-36.55
6314,-36.55
6315,-36.52
6316,-36.51
6317,-36.51
6318,-36.51
6319,-36.49
6320,-36.47
6321,-36.46
6322,-36.46
6323,-36.45
6324,-36.45
6325,-36.44
6326,-36.43
6327,-36.43
6328,-36.41
6329,-36.40
6330,-36.40
6331,-36.38
6332,-36.38
6333,-36.38
6334,-36.37
6335,-36.35
6336,-36.35
6337,-36.33
6338,-36.33
6339,-36.32
6340,-36.31
6341,-36.31
6342,-36.30
6343,-36.30
6344,-36.30
6345,-36.29
6346,-36.27
6347,-36.27
6348,-36.26
6349,-36.24
6350,-36.22
6351,-36.21
6352,-36.20
6353,-36.19
6354,-36.18
6355,-36.17
6356,-36.17
6357,-36.16
6358,-36.16
6359,-36.14
6360,-36.14
6361,-36.13
6362,-36.12
6363,-36.12
6364,-36.12
6365,-36.11
6366,-36.10
6367,-36.10
6368,-36.07
6369,-36.03
6370,-36.03
6371,-36.03
6372,-36.02
6373,-36.02
6374,-36.01
6375,-36.00
6376,-35.97
6377,-35.96
6378,-35.94
6379,-35.94
6380,-35.94
6381,-35.94
6382,-35.94
6383,-35.94
6384,-35.94
6385,-35.93
6386,-35.92
6387,-35.91
6388,-35.90
6389,-35.90
6390,-35.86
6391,-35.85
6392,-35.81
6393,-35.80
6394,-35.80
6395,-35.80
6396,-35.80
6397,-35.79
6398,-35.79
6399,-35.78
6400,-35.77
6401,-35.77
6402,-35.76
6403,-35.76
6404,-35.76
6405,-35.75
6406,-35.73
6407,-35.72
6408,-35.72
6409,-35.72
6410,-35.71
6411,-35.68
6412,-35.68
6413,-35.68
6414,-35.66
6415,-35.66
6416,-35.65
6417,-35.65
6418,-35.65
6419,-35.65
6420,-35.64
6421,-35.62
6422,-35.61
6423,-35.61
6424,-35.57
6425,-35.55
6426,-35.53
6427,-35.52
6428,-35.52
6429,-35.48
6430,-35.48
6431,-35.45
6432,-35.44
6433,-35.43
6434,-35.42
6435,-35.42
6436,-35.41
6437,-35.40
6438,-35.38
6439,-35.38
6440,-35.37
6441,-35.36
6442,-35.36
6443,-35.35
6444,-35.34
6445,-35.34
6446,-35.33
6447,-35.32
6448,-35.31
6449,-35.31
6450,-35.28
6451,-35.27
6452,-35.26
6453,-35.25
6454,-35.25
6455,-35.24
6456,-35.24
6457,-35.23
6458,-35.21
6459,-35.18
6460,-35.17
6461,-35.17
6462,-35.15
6463,-35.15
6464,-35.15
6465,-35.13
6466,-35.12
6467,-35.12
6468,-35.11
6469,-35.09
6470,-35.07
6471,-35.06
6472,-35.05
6473,-35.05
6474,-35.04
6475,-35.03
6476,-35.03
6477,-35.01
6478,-35.00
6479,-35.00
6480,-34.99
6481,-34.97
6482,-34.96
6483,-34.95
6484,-34.94
6485,-34.94
6486,-34.93
6487,-34.92
6488,-34.91
6489,-34.90
6490,-34.87
6491,-34.87
6492,-34.86
6493,-34.86
6494,-34.84
6495,-34.84
6496,-34.83
6497,-34.83
6498,-34.82
6499,-34.82
6500,-34.82
6501,-34.82
6502,-34.81
6503,-34.81
6504,-34.81
6505,-34.80
6506,-34.80
6507,-34.80
6508,-34.79
6509,-34.79
6510,-34.78
6511,-34.77
6512,-34.76
6513,-34.75
6514,-34.74
6515,-34.73
6516,-34.73
6517,-34.72
6518,-34.72
6519,-34.72
6520,-34.70
6521,-34.67
6522,-34.65
6523,-34.65
6524,-34.65
6525,-34.64
6526,-34.63
6527,-34.57
6528,-34.55
6529,-34.54
6530,-34.52
6531,-34.49
6532,-34.47
6533,-34.40
6534,-34.38
6535,-34.37
6536,-34.37
6537,-34.35
6538,-34.34
6539,-34.34
6540,-34.34
6541,-34.32
6542,-34.30
6543,-34.30
6544,-34.30
6545,-34.28
6546,-34.28
6547,-34.25
6548,-34.23
6549,-34.21
6550,-34.21
6551,-34.20
6552,-34.19
6553,-34.19
6554,-34.19
6555,-34.19
6556,-34.16
6557,-34.16
6558,-34.16
6559,-34.16
6560,-34.16
6561,-34.15
6562,-34.13
6563,-34.12
6564,-34.12
6565,-34.11
6566,-34.10
6567,-34.07
6568,-34.07
6569,-34.06
6570,-34.06
6571,-34.04
6572,-34.03
6573,-34.03
6574,-34.01
6575,-33.99
6576,-33.99
6577,-33.99
6578,-33.98
6579,-33.98
6580,-33.96
6581,-33.94
6582,-33.92
6583,-33.91
6584,-33.91
6585,-33.89
6586,-33.85
6587,-33.83
6588,-33.81
6589,-33.81
6590,-33.79
6591,-33.78
6592,-33.77
6593,-33.76
6594,-33.75
6595,-33.73
6596,-33.72
6597,-33.71
6598,-33.71
6599,-33.69
6600,-33.69
6601,-33.69
6602,-33.68
6603,-33.67
6604,-33.67
6605,-33.66
6606,-33.64
6607,-33.64
6608,-33.64
6609,-33.63
6610,-33.56
6611,-33.56
6612,-33.55
6613,-33.55
6614,-33.53
6615,-33.52
6616,-33.50
6617,-33.48
6618,-33.48
6619,-33.48
6620,-33.48
6621,-33.47
6622,-33.46
6623,-33.46
6624,-33.46
6625,-33.45
6626,-33.41
6627,-33.38
6628,-33.38
6629,-33.38
6630,-33.36
6631,-33.36
6632,-33.35
6633,-33.35
6634,-33.34
6635,-33.33
6636,-33.33
6637,-33.33
6638,-33.32
6639,-33.32
6640,-33.31
6641,-33.31
6642,-33.30
6643,-33.30
6644,-33.30
6645,-33.26
6646,-33.22
6647,-33.21
6648,-33.19
6649,-33.18
6650,-33.18
6651,-33.16
6652,-33.14
6653,-33.13
6654,-33.10
6655,-33.10
6656,-33.09
6657,-33.08
6658,-33.07
6659,-33.07
6660,-33.07
6661,-33.05
6662,-33.05
6663,-33.02
6664,-33.02
6665,-33.01
6666,-33.01
6667,-33.00
6668,-32.98
6669,-32.98
6670,-32.97
6671,-32.97
6672,-32.94
6673,-32.92
6674,-32.92
6675,-32.89
6676,-32.89
6677,-32.87
6678,-32.85
6679,-32.83
6680,-32.81
6681,-32.81
6682,-32.81
6683,-32.79
6684,-32.79
6685,-32.78
6686,-32.77
6687,-32.77
6688,-32.76
6689,-32.76
6690,-32.76
6691,-32.76
6692,-32.76
6693,-32.74
6694,-32.72
6695,-32.72
6696,-32.68
6697,-32.67
6698,-32.66
6699,-32.66
6700,-32.64
6701,-32.63
6702,-32.60
6703,-32.60
6704,-32.59
6705,-32.58
6706,-32.58
6707,-32.58
6708,-32.57
6709,-32.56
6710,-32.52
6711,-32.50
6712,-32.49
6713,-32.48
6714,-32.48
6715,-32.47
6716,-32.47
6717,-32.47
6718,-32.46
6719,-32.45
6720,-32.44
6721,-32.44
6722,-32.43
6723,-32.43
6724,-32.42
6725,-32.41
6726,-32.41
6727,-32.40
6728,-32.40
6729,-32.39
6730,-32.38
6731,-32.38
6732,-32.37
6733,-32.33
6734,-32.32
6735,-32.32
6736,-32.31
6737,-32.30
6738,-32.30
6739,-32.29
6740,-32.28
6741,-32.28
6742,-32.27
6743,-32.26
6744,-32.26
6745,-32.26
6746,-32.25
6747,-32.25
6748,-32.24
6749,-32.24
6750,-32.23
6751,-32.22
6752,-32.22
6753,-32.21
6754,-32.20
6755,-32.19
6756,-32.17
6757,-32.17
6758,-32.17
6759,-32.17
6760,-32.16
6761,-32.15
6762,-32.13
6763,-32.13
6764,-32.11
6765,-32.10
6766,-32.06
6767,-32.06
6768,-32.05
6769,-32.04
6770,-32.04
6771,-32.03
6772,-32.03
6773,-32.02
6774,-32.01
6775,-32.01
6776,-32.01
6777,-31.99
6778,-31.97
6779,-31.93
6780,-31.92
6781,-31.91
6782,-31.89
6783,-31.85
6784,-31.85
6785,-31.83
6786,-31.83
6787,-31.83
6788,-31.81
6789,-31.81
6790,-31.80
6791,-31.76
6792,-31.76
6793,-31.75
6794,-31.74
6795,-31.73
6796,-31.73
6797,-31.70
6798,-31.70
6799,-31.68
6800,-31.66
6801,-31.66
6802,-31.65
6803,-31.65
6804,-31.63
6805,-31.63
6806,-31.63
6807,-31.61
6808,-31.57
6809,-31.57
6810,-31.56
6811,-31.54
6812,-31.54
6813,-31.54
6814,-31.54
6815,-31.53
6816,-31.52
6817,-31.51
6818,-31.50
6819,-31.50
6820,-31.49
6821,-31.48
6822,-31.46
6823,-31.46
6824,-31.45
6825,-31.41
6826,-31.41
6827,-31.41
6828,-31.40
6829,-31.39
6830,-31.36
6831,-31.34
6832,-31.33
6833,-31.30
6834,-31.29
6835,-31.28
6836,-31.28
6837,-31.26
6838,-31.26
6839,-31.26
6840,-31.25
6841,-31.24
6842,-31.23
6843,-31.20
6844,-31.17
6845,-31.17
6846,-31.15
6847,-31.15
6848,-31.14
6849,-31.12
6850,-31.11
6851,-31.10
6852,-31.08
6853,-31.07
6854,-31.06
6855,-31.05
6856,-31.04
6857,-31.04
6858,-31.03
6859,-31.02
6860,-31.00
6861,-31.00
6862,-30.99
6863,-30.98
6864,-30.97
6865,-30.96
6866,-30.94
6867,-30.94
6868,-30.92
6869,-30.91
6870,-30.91
6871,-30.91
6872,-30.91
6873,-30.90
6874,-30.88
6875,-30.88
6876,-30.88
6877,-30.87
6878,-30.87
6879,-30.85
6880,-30.85
6881,-30.84
6882,-30.84
6883,-30.82
6884,-30.82
6885,-30.81
6886,-30.80
6887,-30.80
6888,-30.80
6889,-30.79
6890,-30.79
6891,-30.76
6892,-30.73
6893,-30.71
6894,-30.70
6895,-30.68
6896,-30.68
6897,-30.68
6898,-30.67
6899,-30.66
6900,-30.65
6901,-30.65
6902,-30.65
6903,-30.63
6904,-30.63
6905,-30.63
6906,-30.62
6907,-30.62
6908,-30.61
6909,-30.60
6910,-30.60
6911,-30.60
6912,-30.59
6913,-30.58
6914,-30.58
6915,-30.57
6916,-30.54
6917,-30.54
6918,-30.54
6919,-30.52
6920,-30.51
6921,-30.51
6922,-30.48
6923,-30.47
6924,-30.47
6925,-30.47
6926,-30.45
6927,-30.41
6928,-30.40
6929,-30.38
6930,-30.37
6931,-30.37
6932,-30.33
6933,-30.33
6934,-30.32
6935,-30.31
6936,-30.31
6937,-30.31
6938,-30.29
6939,-30.29
6940,-30.28
6941,-30.27
6942,-30.25
6943,-30.24
6944,-30.22
6945,-30.22
6946,-30.18
6947,-30.17
6948,-30.16
6949,-30.14
6950,-30.14
6951,-30.14
6952,-30.12
6953,-30.12
6954,-30.12
6955,-30.11
6956,-30.11
6957,-30.11
6958,-30.10
6959,-30.10
6960,-30.09
6961,-30.08
6962,-30.08
6963,-30.07
6964,-30.04
6965,-30.02
6966,-30.01
6967,-29.99
6968,-29.97
6969,-29.94
6970,-29.93
6971,-29.93
6972,-29.89
6973,-29.89
6974,-29.88
6975,-29.87
6976,-29.85
6977,-29.84
6978,-29.83
6979,-29.83
6980,-29.77
6981,-29.74
6982,-29.74
6983,-29.73
6984,-29.73
6985,-29.73
6986,-29.71
6987,-29.71
6988,-29.67
6989,-29.66
6990,-29.64
6991,-29.62
6992,-29.61
6993,-29.61
6994,-29.61
6995,-29.60
6996,-29.59
6997,-29.57
6998,-29.54
6999,-29.54
7000,-29.53
7001,-29.52
7002,-29.51
7003,-29.49
7004,-29.48
7005,-29.48
7006,-29.48
7007,-29.45
7008,-29.43
7009,-29.41
7010,-29.39
7011,-29.38
7012,-29.38
7013,-29.38
7014,-29.37
7015,-29.37
7016,-29.36
7017,-29.34
7018,-29.32
7019,-29.32
7020,-29.32
7021,-29.31
7022,-29.29
7023,-29.29
7024,-29.28
7025,-29.26
7026,-29.25
7027,-29.25
7028,-29.24
7029,-29.24
7030,-29.24
7031,-29.24
7032,-29.23
7033,-29.23
7034,-29.20
7035,-29.18
7036,-29.18
7037,-29.17
7038,-29.14
7039,-29.13
7040,-29.11
7041,-29.10
7042,-29.08
7043,-29.08
7044,-29.07
7045,-29.01
7046,-28.99
7047,-28.98
7048,-28.97
7049,-28.97
7050,-28.95
7051,-28.94
7052,-28.91
7053,-28.90
7054,-28.90
7055,-28.89
7056,-28.88
7057,-28.87
7058,-28.86
7059,-28.85
7060,-28.85
7061,-28.84
7062,-28.83
7063,-28.82
7064,-28.81
7065,-28.81
7066,-28.80
7067,-28.79
7068,-28.78
7069,-28.76
7070,-28.76
7071,-28.76
7072,-28.75
7073,-28.74
7074,-28.72
7075,-28.72
7076,-28.70
7077,-28.70
7078,-28.69
7079,-28.69
7080,-28.68
7081,-28.66
7082,-28.65
7083,-28.64
7084,-28.64
7085,-28.63
7086,-28.61
7087,-28.58
7088,-28.57
7089,-28.57
7090,-28.56
7091,-28.55
7092,-28.55
7093,-28.54
7094,-28.51
7095,-28.51
7096,-28.51
7097,-28.50
7098,-28.48
7099,-28.47
7100,-28.46
7101,-28.46
7102,-28.43
7103,-28.41
7104,-28.41
7105,-28.40
7106,-28.38
7107,-28.38
7108,-28.37
7109,-28.35
7110,-28.34
7111,-28.34
7112,-28.32
7113,-28.32
7114,-28.32
7115,-28.31
7116,-28.28
7117,-28.27
7118,-28.27
7119,-28.27
7120,-28.25
7121,-28.24
7122,-28.23
7123,-28.21
7124,-28.20
7125,-28.20
7126,-28.19
7127,-28.19
7128,-28.17
7129,-28.16
7130,-28.16
7131,-28.13
7132,-28.10
7133,-28.10
7134,-28.09
7135,-28.06
7136,-28.06
7137,-28.04
7138,-28.03
7139,-28.02
7140,-28.00
7141,-28.00
7142,-27.99
7143,-27.97
7144,-27.97
7145,-27.97
7146,-27.96
7147,-27.95
7148,-27.92
7149,-27.90
7150,-27.89
7151,-27.89
7152,-27.86
7153,-27.85
7154,-27.83
7155,-27.83
7156,-27.82
7157,-27.82
7158,-27.82
7159,-27.81
7160,-27.79
7161,-27.78
7162,-27.78
7163,-27.77
7164,-27.76
7165,-27.75
7166,-27.74
7167,-27.74
7168,-27.70
7169,-27.70
7170,-27.70
7171,-27.68
7172,-27.68
7173,-27.67
7174,-27.64
7175,-27.63
7176,-27.63
7177,-27.62
7178,-27.61
7179,-27.60
7180,-27.60
7181,-27.59
7182,-27.59
7183,-27.57
7184,-27.51
7185,-27.50
7186,-27.50
7187,-27.50
7188,-27.50
7189,-27.50
7190,-27.47
7191,-27.45
7192,-27.45
7193,-27.45
7194,-27.44
7195,-27.44
7196,-27.44
7197,-27.42
7198,-27.42
7199,-27.41
7200,-27.41
7201,-27.40
7202,-27.39
7203,-27.36
7204,-27.36
7205,-27.35
7206,-27.34
7207,-27.30
7208,-27.28
7209,-27.28
7210,-27.27
7211,-27.27
7212,-27.27
7213,-27.26
7214,-27.22
7215,-27.21
7216,-27.15
7217,-27.14
7218,-27.14
7219,-27.14
7220,-27.13
7221,-27.12
7222,-27.11
7223,-27.11
7224,-27.10
7225,-27.09
7226,-27.08
7227,-27.07
7228,-27.06
7229,-27.06
7230,-27.06
7231,-27.05
7232,-27.04
7233,-27.04
7234,-27.03
7235,-27.01
7236,-27.01
7237,-27.00
7238,-26.99
7239,-26.97
7240,-26.96
7241,-26.94
7242,-26.94
7243,-26.93
7244,-26.93
7245,-26.92
7246,-26.91
7247,-26.90
7248,-26.90
7249,-26.89
7250,-26.88
7251,-26.88
7252,-26.86
7253,-26.86
7254,-26.85
7255,-26.85
7256,-26.83
7257,-26.83
7258,-26.83
7259,-26.81
7260,-26.78
7261,-26.76
7262,-26.76
7263,-26.75
7264,-26.74
7265,-26.74
7266,-26.74
7267,-26.73
7268,-26.73
7269,-26.72
7270,-26.70
7271,-26.69
7272,-26.68
7273,-26.67
7274,-26.65
7275,-26.61
7276,-26.60
7277,-26.60
7278,-26.60
7279,-26.59
7280,-26.58
7281,-26.56
7282,-26.56
7283,-26.55
7284,-26.55
7285,-26.55
7286,-26.53
7287,-26.53
7288,-26.53
7289,-26.52
7290,-26.52
7291,-26.51
7292,-26.50
7293,-26.49
7294,-26.49
7295,-26.48
7296,-26.47
7297,-26.47
7298,-26.46
7299,-26.45
7300,-26.43
7301,-26.42
7302,-26.41
7303,-26.40
7304,-26.34
7305,-26.34
7306,-26.33
7307,-26.30
7308,-26.30
7309,-26.29
7310,-26.28
7311,-26.27
7312,-26.27
7313,-26.26
7314,-26.24
7315,-26.24
7316,-26.24
7317,-26.24
7318,-26.22
7319,-26.22
7320,-26.21
7321,-26.20
7322,-26.19
7323,-26.18
7324,-26.18
7325,-26.17
7326,-26.16
7327,-26.12
7328,-26.12
7329,-26.12
7330,-26.11
7331,-26.11
7332,-26.09
7333,-26.08
7334,-26.06
7335,-26.05
7336,-26.05
7337,-26.05
7338,-26.05
7339,-26.05
7340,-26.03
7341,-26.02
7342,-26.01
7343,-26.00
7344,-25.98
7345,-25.97
7346,-25.97
7347,-25.96
7348,-25.96
7349,-25.96
7350,-25.96
7351,-25.95
7352,-25.93
7353,-25.93
7354,-25.93
7355,-25.93
7356,-25.90
7357,-25.88
7358,-25.88
7359,-25.86
7360,-25.86
7361,-25.84
7362,-25.83
7363,-25.83
7364,-25.82
7365,-25.79
7366,-25.78
7367,-25.78
7368,-25.76
7369,-25.75
7370,-25.74
7371,-25.73
7372,-25.72
7373,-25.72
7374,-25.70
7375,-25.69
7376,-25.68
7377,-25.67
7378,-25.66
7379,-25.64
7380,-25.63
7381,-25.63
7382,-25.61
7383,-25.60
7384,-25.59
7385,-25.59
7386,-25.56
7387,-25.55
7388,-25.53
7389,-25.51
7390,-25.50
7391,-25.49
7392,-25.48
7393,-25.47
7394,-25.45
7395,-25.44
7396,-25.41
7397,-25.41
7398,-25.38
7399,-25.37
7400,-25.37
7401,-25.37
7402,-25.36
7403,-25.36
7404,-25.33
7405,-25.33
7406,-25.32
7407,-25.32
7408,-25.31
7409,-25.25
7410,-25.24
7411,-25.23
7412,-25.22
7413,-25.20
7414,-25.19
7415,-25.12
7416,-25.12
7417,-25.12
7418,-25.12
7419,-25.11
7420,-25.11
7421,-25.11
7422,-25.07
7423,-25.06
7424,-25.05
7425,-25.05
7426,-25.05
7427,-25.05
7428,-25.04
7429,-25.03
7430,-25.02
7431,-25.01
7432,-25.01
7433,-25.00
7434,-24.99
7435,-24.98
7436,-24.98
7437,-24.95
7438,-24.93
7439,-24.91
7440,-24.91
7441,-24.89
7442,-24.89
7443,-24.87
7444,-24.86
7445,-24.85
7446,-24.84
7447,-24.84
7448,-24.84
7449,-24.83
7450,-24.82
7451,-24.80
7452,-24.80
7453,-24.79
7454,-24.79
7455,-24.78
7456,-24.77
7457,-24.77
7458,-24.77
7459,-24.75
7460,-24.74
7461,-24.73
7462,-24.71
7463,-24.71
7464,-24.71
7465,-24.70
7466,-24.70
7467,-24.69
7468,-24.69
7469,-24.69
7470,-24.68
7471,-24.68
7472,-24.68
7473,-24.66
7474,-24.66
7475,-24.62
7476,-24.62
7477,-24.61
7478,-24.61
7479,-24.59
7480,-24.59
7481,-24.58
7482,-24.57
7483,-24.55
7484,-24.54
7485,-24.53
7486,-24.53
7487,-24.52
7488,-24.51
7489,-24.49
7490,-24.49
7491,-24.46
7492,-24.45
7493,-24.44
7494,-24.44
7495,-24.41
7496,-24.40
7497,-24.39
7498,-24.37
7499,-24.36
7500,-24.36
7501,-24.35
7502,-24.34
7503,-24.34
7504,-24.33
7505,-24.33
7506,-24.31
7507,-24.29
7508,-24.27
7509,-24.23
7510,-24.23
7511,-24.23
7512,-24.22
7513,-24.22
7514,-24.18
7515,-24.13
7516,-24.12
7517,-24.12
7518,-24.12
7519,-24.06
7520,-24.06
7521,-24.05
7522,-24.03
7523,-24.02
7524,-24.02
7525,-24.02
7526,-24.01
7527,-24.01
7528,-24.00
7529,-24.00
7530,-23.96
7531,-23.95
7532,-23.95
7533,-23.94
7534,-23.90
7535,-23.89
7536,-23.88
7537,-23.87
7538,-23.87
7539,-23.86
7540,-23.86
7541,-23.86
7542,-23.81
7543,-23.79
7544,-23.78
7545,-23.78
7546,-23.77
7547,-23.74
7548,-23.71
7549,-23.70
7550,-23.70
7551,-23.69
7552,-23.67
7553,-23.67
7554,-23.67
7555,-23.65
7556,-23.65
7557,-23.65
7558,-23.64
7559,-23.64
7560,-23.63
7561,-23.62
7562,-23.62
7563,-23.62
7564,-23.62
7565,-23.62
7566,-23.61
7567,-23.61
7568,-23.59
7569,-23.58
7570,-23.57
7571,-23.57
7572,-23.56
7573,-23.55
7574,-23.55
7575,-23.53
7576,-23.52
7577,-23.50
7578,-23.49
7579,-23.49
7580,-23.48
7581,-23.47
7582,-23.46
7583,-23.46
7584,-23.42
7585,-23.42
7586,-23.41
7587,-23.40
7588,-23.40
7589,-23.35
7590,-23.34
7591,-23.34
7592,-23.33
7593,-23.33
7594,-23.31
7595,-23.30
7596,-23.28
7597,-23.25
7598,-23.25
7599,-23.22
7600,-23.21
7601,-23.20
7602,-23.20
7603,-23.18
7604,-23.17
7605,-23.16
7606,-23.15
7607,-23.14
7608,-23.11
7609,-23.10
7610,-23.09
7611,-23.05
7612,-23.05
7613,-23.04
7614,-23.04
7615,-23.04
7616,-23.04
7617,-23.01
7618,-23.01
7619,-22.99
7620,-22.98
7621,-22.97
7622,-22.95
7623,-22.94
7624,-22.93
7625,-22.93
7626,-22.93
7627,-22.92
7628,-22.91
7629,-22.91
7630,-22.91
7631,-22.91
7632,-22.89
7633,-22.88
7634,-22.88
7635,-22.87
7636,-22.85
7637,-22.85
7638,-22.84
7639,-22.84
7640,-22.83
7641,-22.83
7642,-22.82
7643,-22.82
7644,-22.81
7645,-22.80
7646,-22.77
7647,-22.74
7648,-22.73
7649,-22.72
7650,-22.71
7651,-22.71
7652,-22.69
7653,-22.68
7654,-22.64
7655,-22.64
7656,-22.60
7657,-22.59
7658,-22.59
7659,-22.58
7660,-22.58
7661,-22.56
7662,-22.53
7663,-22.52
7664,-22.50
7665,-22.48
7666,-22.47
7667,-22.46
7668,-22.45
7669,-22.45
7670,-22.44
7671,-22.42
7672,-22.41
7673,-22.40
7674,-22.40
7675,-22.38
7676,-22.37
7677,-22.37
7678,-22.36
7679,-22.34
7680,-22.32
7681,-22.28
7682,-22.28
7683,-22.28
7684,-22.28
7685,-22.27
7686,-22.25
7687,-22.25
7688,-22.22
7689,-22.22
7690,-22.21
7691,-22.20
7692,-22.18
7693,-22.17
7694,-22.17
7695,-22.16
7696,-22.12
7697,-22.11
7698,-22.10
7699,-22.08
7700,-22.08
7701,-22.07
7702,-22.05
7703,-22.03
7704,-22.02
7705,-22.02
7706,-21.99
7707,-21.99
7708,-21.99
7709,-21.97
7710,-21.96
7711,-21.94
7712,-21.93
7713,-21.92
7714,-21.91
7715,-21.90
7716,-21.89
7717,-21.89
7718,-21.89
7719,-21.89
7720,-21.89
7721,-21.88
7722,-21.87
7723,-21.86
7724,-21.86
7725,-21.85
7726,-21.83
7727,-21.80
7728,-21.80
7729,-21.78
7730,-21.78
7731,-21.78
7732,-21.76
7733,-21.72
7734,-21.69
7735,-21.69
7736,-21.68
7737,-21.67
7738,-21.66
7739,-21.65
7740,-21.65
7741,-21.64
7742,-21.64
7743,-21.58
7744,-21.58
7745,-21.57
7746,-21.54
7747,-21.53
7748,-21.53
7749,-21.50
7750,-21.50
7751,-21.50
7752,-21.47
7753,-21.47
7754,-21.46
7755,-21.45
7756,-21.45
7757,-21.42
7758,-21.40
7759,-21.37
7760,-21.36
7761,-21.35
7762,-21.35
7763,-21.35
7764,-21.31
7765,-21.31
7766,-21.31
7767,-21.30
7768,-21.29
7769,-21.29
7770,-21.29
7771,-21.27
7772,-21.27
7773,-21.24
7774,-21.19
7775,-21.19
7776,-21.18
7777,-21.17
7778,-21.16
7779,-21.16
7780,-21.15
7781,-21.14
7782,-21.13
7783,-21.11
7784,-21.08
7785,-21.07
7786,-21.05
7787,-21.03
7788,-21.03
7789,-21.03
7790,-21.02
7791,-21.02
7792,-21.01
7793,-21.00
7794,-20.99
7795,-20.96
7796,-20.94
7797,-20.93
7798,-20.93
7799,-20.92
7800,-20.91
7801,-20.90
7802,-20.89
7803,-20.89
7804,-20.88
7805,-20.87
7806,-20.86
7807,-20.85
7808,-20.85
7809,-20.84
7810,-20.82
7811,-20.82
7812,-20.80
7813,-20.80
7814,-20.80
7815,-20.80
7816,-20.80
7817,-20.79
7818,-20.77
7819,-20.76
7820,-20.75
7821,-20.74
7822,-20.74
7823,-20.71
7824,-20.70
7825,-20.69
7826,-20.69
7827,-20.67
7828,-20.67
7829,-20.66
7830,-20.65
7831,-20.64
7832,-20.63
7833,-20.63
7834,-20.57
7835,-20.55
7836,-20.53
7837,-20.53
7838,-20.51
7839,-20.50
7840,-20.48
7841,-20.46
7842,-20.46
7843,-20.44
7844,-20.44
7845,-20.44
7846,-20.41
7847,-20.39
7848,-20.39
7849,-20.37
7850,-20.31
7851,-20.31
7852,-20.30
7853,-20.30
7854,-20.30
7855,-20.29
7856,-20.29
7857,-20.29
7858,-20.29
7859,-20.29
7860,-20.28
7861,-20.28
7862,-20.28
7863,-20.26
7864,-20.25
7865,-20.25
7866,-20.22
7867,-20.20
7868,-20.20
7869,-20.19
7870,-20.19
7871,-20.17
7872,-20.17
7873,-20.15
7874,-20.12
7875,-20.09
7876,-20.07
7877,-20.06
7878,-20.06
7879,-20.03
7880,-20.02
7881,-20.01
7882,-20.00
7883,-19.98
7884,-19.97
7885,-19.95
7886,-19.95
7887,-19.95
7888,-19.95
7889,-19.91
7890,-19.91
7891,-19.89
7892,-19.88
7893,-19.87
7894,-19.87
7895,-19.86
7896,-19.84
7897,-19.84
7898,-19.81
7899,-19.81
7900,-19.80
7901,-19.76
7902,-19.74
7903,-19.73
7904,-19.72
7905,-19.71
7906,-19.70
7907,-19.69
7908,-19.68
7909,-19.67
7910,-19.67
7911,-19.66
7912,-19.66
7913,-19.65
7914,-19.64
7915,-19.64
7916,-19.64
7917,-19.64
7918,-19.62
7919,-19.62
7920,-19.61
7921,-19.59
7922,-19.58
7923,-19.57
7924,-19.56
7925,-19.53
7926,-19.53
7927,-19.52
7928,-19.52
7929,-19.52
7930,-19.51
7931,-19.50
7932,-19.49
7933,-19.48
7934,-19.48
7935,-19.45
7936,-19.42
7937,-19.42
7938,-19.41
7939,-19.41
7940,-19.39
7941,-19.37
7942,-19.35
7943,-19.34
7944,-19.32
7945,-19.32
7946,-19.31
7947,-19.31
7948,-19.25
7949,-19.24
7950,-19.23
7951,-19.23
7952,-19.22
7953,-19.22
7954,-19.19
7955,-19.17
7956,-19.17
7957,-19.17
7958,-19.16
7959,-19.15
7960,-19.15
7961,-19.14
7962,-19.13
7963,-19.12
7964,-19.11
7965,-19.10
7966,-19.10
7967,-19.09
7968,-19.09
7969,-19.08
7970,-19.08
7971,-19.08
7972,-19.07
7973,-19.06
7974,-19.06
7975,-19.05
7976,-19.05
7977,-19.02
7978,-19.02
7979,-19.01
7980,-18.97
7981,-18.97
7982,-18.97
7983,-18.97
7984,-18.96
7985,-18.95
7986,-18.94
7987,-18.89
7988,-18.88
7989,-18.88
7990,-18.84
7991,-18.84
7992,-18.84
7993,-18.82
7994,-18.76
7995,-18.76
7996,-18.76
7997,-18.75
7998,-18.73
7999,-18.73
8000,-18.71
8001,-18.69
8002,-18.68
8003,-18.67
8004,-18.66
8005,-18.65
8006,-18.65
8007,-18.63
8008,-18.62
8009,-18.62
8010,-18.60
8011,-18.59
8012,-18.58
8013,-18.54
8014,-18.50
8015,-18.50
8016,-18.49
8017,-18.49
8018,-18.48
8019,-18.45
8020,-18.39
8021,-18.39
8022,-18.36
8023,-18.36
8024,-18.36
8025,-18.35
8026,-18.34
8027,-18.34
8028,-18.33
8029,-18.32
8030,-18.32
8031,-18.32
8032,-18.31
8033,-18.30
8034,-18.30
8035,-18.28
8036,-18.27
8037,-18.26
8038,-18.26
8039,-18.25
8040,-18.24
8041,-18.20
8042,-18.19
8043,-18.17
8044,-18.17
8045,-18.15
8046,-18.14
8047,-18.14
8048,-18.14
8049,-18.12
8050,-18.12
8051,-18.12
8052,-18.11
8053,-18.09
8054,-18.08
8055,-18.08
8056,-18.06
8057,-18.05
8058,-18.05
8059,-17.99
8060,-17.96
8061,-17.96
8062,-17.95
8063,-17.94
8064,-17.92
8065,-17.92
8066,-17.92
8067,-17.91
8068,-17.87
8069,-17.86
8070,-17.86
8071,-17.85
8072,-17.84
8073,-17.83
8074,-17.81
8075,-17.78
8076,-17.78
8077,-17.77
8078,-17.75
8079,-17.75
8080,-17.74
8081,-17.74
8082,-17.73
8083,-17.73
8084,-17.73
8085,-17.73
8086,-17.71
8087,-17.70
8088,-17.69
8089,-17.68
8090,-17.67
8091,-17.67
8092,-17.65
8093,-17.63
8094,-17.61
8095,-17.61
8096,-17.60
8097,-17.59
8098,-17.58
8099,-17.57
8100,-17.57
8101,-17.54
8102,-17.54
8103,-17.53
8104,-17.53
8105,-17.53
8106,-17.52
8107,-17.50
8108,-17.48
8109,-17.48
8110,-17.47
8111,-17.45
8112,-17.43
8113,-17.43
8114,-17.42
8115,-17.42
8116,-17.42
8117,-17.42
8118,-17.41
8119,-17.40
8120,-17.40
8121,-17.37
8122,-17.35
8123,-17.34
8124,-17.34
8125,-17.34
8126,-17.32
8127,-17.30
8128,-17.30
8129,-17.29
8130,-17.29
8131,-17.28
8132,-17.27
8133,-17.27
8134,-17.26
8135,-17.26
8136,-17.25
8137,-17.25
8138,-17.25
8139,-17.22
8140,-17.20
8141,-17.20
8142,-17.18
8143,-17.18
8144,-17.17
8145,-17.16
8146,-17.15
8147,-17.14
8148,-17.14
8149,-17.13
8150,-17.13
8151,-17.10
8152,-17.08
8153,-17.08
8154,-17.06
8155,-17.06
8156,-17.04
8157,-17.04
8158,-17.04
8159,-17.03
8160,-17.03
8161,-17.02
8162,-17.01
8163,-17.00
8164,-16.97
8165,-16.97
8166,-16.96
8167,-16.95
8168,-16.95
8169,-16.94
8170,-16.93
8171,-16.93
8172,-16.91
8173,-16.91
8174,-16.91
8175,-16.90
8176,-16.88
8177,-16.88
8178,-16.87
8179,-16.86
8180,-16.86
8181,-16.84
8182,-16.84
8183,-16.83
8184,-16.82
8185,-16.80
8186,-16.80
8187,-16.79
8188,-16.75
8189,-16.73
8190,-16.73
8191,-16.72
8192,-16.72
8193,-16.71
8194,-16.71
8195,-16.66
8196,-16.66
8197,-16.64
8198,-16.63
8199,-16.63
8200,-16.62
8201,-16.62
8202,-16.61
8203,-16.60
8204,-16.60
8205,-16.59
8206,-16.58
8207,-16.57
8208,-16.56
8209,-16.54
8210,-16.53
8211,-16.51
8212,-16.50
8213,-16.48
8214,-16.45
8215,-16.43
8216,-16.41
8217,-16.39
8218,-16.39
8219,-16.39
8220,-16.36
8221,-16.35
8222,-16.34
8223,-16.34
8224,-16.32
8225,-16.28
8226,-16.28
8227,-16.27
8228,-16.27
8229,-16.27
8230,-16.26
8231,-16.26
8232,-16.24
8233,-16.24
8234,-16.24
8235,-16.22
8236,-16.22
8237,-16.19
8238,-16.19
8239,-16.14
8240,-16.14
8241,-16.13
8242,-16.12
8243,-16.11
8244,-16.10
8245,-16.10
8246,-16.08
8247,-16.06
8248,-16.05
8249,-16.03
8250,-16.01
8251,-16.01
8252,-15.99
8253,-15.96
8254,-15.94
8255,-15.94
8256,-15.93
8257,-15.92
8258,-15.91
8259,-15.91
8260,-15.89
8261,-15.87
8262,-15.85
8263,-15.85
8264,-15.84
8265,-15.83
8266,-15.82
8267,-15.82
8268,-15.81
8269,-15.81
8270,-15.80
8271,-15.78
8272,-15.77
8273,-15.77
8274,-15.76
8275,-15.76
8276,-15.75
8277,-15.73
8278,-15.72
8279,-15.72
8280,-15.71
8281,-15.70
8282,-15.70
8283,-15.69
8284,-15.69
8285,-15.68
8286,-15.68
8287,-15.65
8288,-15.62
8289,-15.61
8290,-15.61
8291,-15.60
8292,-15.59
8293,-15.59
8294,-15.59
8295,-15.58
8296,-15.57
8297,-15.57
8298,-15.56
8299,-15.56
8300,-15.51
8301,-15.51
8302,-15.50
8303,-15.50
8304,-15.49
8305,-15.49
8306,-15.46
8307,-15.46
8308,-15.45
8309,-15.45
8310,-15.44
8311,-15.43
8312,-15.42
8313,-15.41
8314,-15.40
8315,-15.39
8316,-15.39
8317,-15.37
8318,-15.37
8319,-15.36
8320,-15.36
8321,-15.35
8322,-15.35
8323,-15.35
8324,-15.34
8325,-15.33
8326,-15.33
8327,-15.31
8328,-15.31
8329,-15.30
8330,-15.30
8331,-15.29
8332,-15.29
8333,-15.28
8334,-15.27
8335,-15.26
8336,-15.26
8337,-15.25
8338,-15.24
8339,-15.23
8340,-15.22
8341,-15.21
8342,-15.20
8343,-15.19
8344,-15.19
8345,-15.19
8346,-15.17
8347,-15.16
8348,-15.16
8349,-15.16
8350,-15.15
8351,-15.13
8352,-15.09
8353,-15.08
8354,-15.08
8355,-15.07
8356,-15.07
8357,-15.07
8358,-15.06
8359,-15.05
8360,-15.04
8361,-15.03
8362,-15.03
8363,-15.03
8364,-15.01
8365,-15.00
8366,-15.00
8367,-14.98
8368,-14.97
8369,-14.97
8370,-14.95
8371,-14.95
8372,-14.94
8373,-14.94
8374,-14.93
8375,-14.91
8376,-14.90
8377,-14.89
8378,-14.88
8379,-14.88
8380,-14.87
8381,-14.85
8382,-14.84
8383,-14.84
8384,-14.82
8385,-14.80
8386,-14.80
8387,-14.78
8388,-14.78
8389,-14.77
8390,-14.76
8391,-14.75
8392,-14.74
8393,-14.74
8394,-14.73
8395,-14.71
8396,-14.69
8397,-14.68
8398,-14.67
8399,-14.64
8400,-14.62
8401,-14.62
8402,-14.62
8403,-14.62
8404,-14.61
8405,-14.60
8406,-14.59
8407,-14.59
8408,-14.58
8409,-14.58
8410,-14.55
8411,-14.54
8412,-14.52
8413,-14.50
8414,-14.50
8415,-14.48
8416,-14.48
8417,-14.47
8418,-14.46
8419,-14.46
8420,-14.43
8421,-14.42
8422,-14.41
8423,-14.39
8424,-14.38
8425,-14.37
8426,-14.36
8427,-14.36
8428,-14.35
8429,-14.35
8430,-14.34
8431,-14.33
8432,-14.33
8433,-14.30
8434,-14.28
8435,-14.28
8436,-14.27
8437,-14.26
8438,-14.23
8439,-14.21
8440,-14.21
8441,-14.21
8442,-14.20
8443,-14.20
8444,-14.17
8445,-14.16
8446,-14.15
8447,-14.13
8448,-14.13
8449,-14.13
8450,-14.12
8451,-14.12
8452,-14.11
8453,-14.10
8454,-14.10
8455,-14.10
8456,-14.09
8457,-14.08
8458,-14.07
8459,-14.06
8460,-14.05
8461,-14.05
8462,-14.04
8463,-14.03
8464,-14.03
8465,-14.03
8466,-14.01
8467,-14.00
8468,-14.00
8469,-13.99
8470,-13.98
8471,-13.97
8472,-13.97
8473,-13.96
8474,-13.95
8475,-13.93
8476,-13.93
8477,-13.93
8478,-13.92
8479,-13.91
8480,-13.91
8481,-13.90
8482,-13.90
8483,-13.89
8484,-13.87
8485,-13.83
8486,-13.81
8487,-13.78
8488,-13.78
8489,-13.77
8490,-13.75
8491,-13.74
8492,-13.74
8493,-13.73
8494,-13.72
8495,-13.69
8496,-13.68
8497,-13.68
8498,-13.67
8499,-13.67
8500,-13.66
8501,-13.66
8502,-13.64
8503,-13.59
8504,-13.56
8505,-13.56
8506,-13.56
8507,-13.56
8508,-13.54
8509,-13.54
8510,-13.52
8511,-13.50
8512,-13.50
8513,-13.48
8514,-13.46
8515,-13.45
8516,-13.44
8517,-13.43
8518,-13.43
8519,-13.42
8520,-13.42
8521,-13.41
8522,-13.41
8523,-13.39
8524,-13.38
8525,-13.38
8526,-13.38
8527,-13.35
8528,-13.31
8529,-13.30
8530,-13.29
8531,-13.27
8532,-13.27
8533,-13.27
8534,-13.26
8535,-13.24
8536,-13.23
8537,-13.21
8538,-13.20
8539,-13.19
8540,-13.17
8541,-13.16
8542,-13.15
8543,-13.15
8544,-13.12
8545,-13.12
8546,-13.12
8547,-13.10
8548,-13.05
8549,-13.05
8550,-13.05
8551,-13.01
8552,-13.01
8553,-13.01
8554,-13.00
8555,-12.99
8556,-12.98
8557,-12.98
8558,-12.98
8559,-12.98
8560,-12.97
8561,-12.96
8562,-12.96
8563,-12.96
8564,-12.96
8565,-12.96
8566,-12.95
8567,-12.94
8568,-12.94
8569,-12.93
8570,-12.93
8571,-12.92
8572,-12.91
8573,-12.91
8574,-12.91
8575,-12.91
8576,-12.89
8577,-12.87
8578,-12.83
8579,-12.83
8580,-12.83
8581,-12.83
8582,-12.83
8583,-12.82
8584,-12.81
8585,-12.80
8586,-12.75
8587,-12.75
8588,-12.73
8589,-12.73
8590,-12.73
8591,-12.71
8592,-12.66
8593,-12.66
8594,-12.65
8595,-12.65
8596,-12.65
8597,-12.64
8598,-12.62
8599,-12.62
8600,-12.62
8601,-12.60
8602,-12.60
8603,-12.58
8604,-12.58
8605,-12.57
8606,-12.56
8607,-12.54
8608,-12.51
8609,-12.50
8610,-12.49
8611,-12.49
8612,-12.48
8613,-12.47
8614,-12.47
8615,-12.46
8616,-12.45
8617,-12.42
8618,-12.42
8619,-12.41
8620,-12.41
8621,-12.41
8622,-12.41
8623,-12.40
8624,-12.40
8625,-12.40
8626,-12.40
8627,-12.36
8628,-12.36
8629,-12.34
8630,-12.32
8631,-12.31
8632,-12.26
8633,-12.25
8634,-12.24
8635,-12.24
8636,-12.24
8637,-12.24
8638,-12.23
8639,-12.23
8640,-12.23
8641,-12.21
8642,-12.21
8643,-12.20
8644,-12.19
8645,-12.18
8646,-12.18
8647,-12.18
8648,-12.18
8649,-12.17
8650,-12.17
8651,-12.17
8652,-12.17
8653,-12.16
8654,-12.16
8655,-12.15
8656,-12.15
8657,-12.14
8658,-12.13
8659,-12.13
8660,-12.12
8661,-12.10
8662,-12.10
8663,-12.10
8664,-12.10
8665,-12.07
8666,-12.05
8667,-12.04
8668,-12.04
8669,-12.04
8670,-12.01
8671,-12.01
8672,-11.99
8673,-11.98
8674,-11.98
8675,-11.98
8676,-11.97
8677,-11.97
8678,-11.96
8679,-11.96
8680,-11.95
8681,-11.95
8682,-11.94
8683,-11.94
8684,-11.93
8685,-11.92
8686,-11.92
8687,-11.91
8688,-11.91
8689,-11.90
8690,-11.89
8691,-11.89
8692,-11.88
8693,-11.86
8694,-11.83
8695,-11.81
8696,-11.81
8697,-11.80
8698,-11.79
8699,-11.78
8700,-11.77
8701,-11.76
8702,-11.75
8703,-11.75
8704,-11.75
8705,-11.75
8706,-11.75
8707,-11.74
8708,-11.73
8709,-11.72
8710,-11.71
8711,-11.70
8712,-11.70
8713,-11.69
8714,-11.68
8715,-11.68
8716,-11.66
8717,-11.66
8718,-11.65
8719,-11.65
8720,-11.65
8721,-11.63
8722,-11.63
8723,-11.63
8724,-11.62
8725,-11.61
8726,-11.61
8727,-11.59
8728,-11.58
8729,-11.54
8730,-11.53
8731,-11.51
8732,-11.51
8733,-11.46
8734,-11.45
8735,-11.44
8736,-11.42
8737,-11.42
8738,-11.40
8739,-11.36
8740,-11.34
8741,-11.34
8742,-11.30
8743,-11.30
8744,-11.30
8745,-11.29
8746,-11.27
8747,-11.27
8748,-11.27
8749,-11.23
8750,-11.23
8751,-11.22
8752,-11.20
8753,-11.18
8754,-11.18
8755,-11.16
8756,-11.16
8757,-11.15
8758,-11.14
8759,-11.14
8760,-11.12
8761,-11.10
8762,-11.09
8763,-11.08
8764,-11.07
8765,-11.07
8766,-11.07
8767,-11.06
8768,-11.04
8769,-11.03
8770,-11.03
8771,-11.03
8772,-11.02
8773,-11.02
8774,-11.02
8775,-11.00
8776,-10.99
8777,-10.98
8778,-10.98
8779,-10.97
8780,-10.97
8781,-10.95
8782,-10.94
8783,-10.94
8784,-10.93
8785,-10.93
8786,-10.93
8787,-10.91
8788,-10.90
8789,-10.90
8790,-10.88
8791,-10.87
8792,-10.87
8793,-10.86
8794,-10.86
8795,-10.85
8796,-10.85
8797,-10.84
8798,-10.84
8799,-10.84
8800,-10.83
8801,-10.81
8802,-10.81
8803,-10.80
8804,-10.79
8805,-10.78
8806,-10.77
8807,-10.77
8808,-10.77
8809,-10.74
8810,-10.73
8811,-10.69
8812,-10.69
8813,-10.68
8814,-10.66
8815,-10.64
8816,-10.63
8817,-10.61
8818,-10.60
8819,-10.60
8820,-10.57
8821,-10.57
8822,-10.57
8823,-10.57
8824,-10.55
8825,-10.55
8826,-10.54
8827,-10.50
8828,-10.48
8829,-10.48
8830,-10.47
8831,-10.47
8832,-10.46
8833,-10.46
8834,-10.44
8835,-10.44
8836,-10.44
8837,-10.44
8838,-10.43
8839,-10.43
8840,-10.42
8841,-10.42
8842,-10.42
8843,-10.41
8844,-10.39
8845,-10.38
8846,-10.38
8847,-10.38
8848,-10.37
8849,-10.36
8850,-10.34
8851,-10.34
8852,-10.34
8853,-10.34
8854,-10.33
8855,-10.33
8856,-10.32
8857,-10.32
8858,-10.31
8859,-10.28
8860,-10.26
8861,-10.26
8862,-10.26
8863,-10.25
8864,-10.24
8865,-10.24
8866,-10.23
8867,-10.23
8868,-10.23
8869,-10.22
8870,-10.22
8871,-10.21
8872,-10.21
8873,-10.20
8874,-10.19
8875,-10.19
8876,-10.19
8877,-10.17
8878,-10.17
8879,-10.15
8880,-10.15
8881,-10.14
8882,-10.13
8883,-10.13
8884,-10.12
8885,-10.12
8886,-10.09
8887,-10.09
8888,-10.07
8889,-10.05
8890,-10.04
8891,-10.04
8892,-10.04
8893,-10.03
8894,-10.03
8895,-10.03
8896,-10.02
8897,-10.01
8898,-9.99
8899,-9.98
8900,-9.98
8901,-9.95
8902,-9.95
8903,-9.95
8904,-9.92
8905,-9.92
8906,-9.91
8907,-9.91
8908,-9.91
8909,-9.90
8910,-9.90
8911,-9.90
8912,-9.89
8913,-9.89
8914,-9.88
8915,-9.86
8916,-9.86
8917,-9.85
8918,-9.82
8919,-9.82
8920,-9.81
8921,-9.80
8922,-9.79
8923,-9.79
8924,-9.76
8925,-9.74
8926,-9.73
8927,-9.71
8928,-9.70
8929,-9.69
8930,-9.69
8931,-9.68
8932,-9.66
8933,-9.66
8934,-9.63
8935,-9.63
8936,-9.61
8937,-9.59
8938,-9.59
8939,-9.59
8940,-9.58
8941,-9.57
8942,-9.55
8943,-9.52
8944,-9.52
8945,-9.51
8946,-9.50
8947,-9.50
8948,-9.48
8949,-9.47
8950,-9.46
8951,-9.46
8952,-9.44
8953,-9.43
8954,-9.42
8955,-9.39
8956,-9.39
8957,-9.37
8958,-9.37
8959,-9.37
8960,-9.34
8961,-9.33
8962,-9.33
8963,-9.31
8964,-9.31
8965,-9.28
8966,-9.23
8967,-9.19
8968,-9.19
8969,-9.19
8970,-9.18
8971,-9.17
8972,-9.15
8973,-9.13
8974,-9.13
8975,-9.13
8976,-9.13
8977,-9.12
8978,-9.12
8979,-9.12
8980,-9.11
8981,-9.10
8982,-9.09
8983,-9.09
8984,-9.08
8985,-9.07
8986,-9.07
8987,-9.05
8988,-9.03
8989,-9.01
8990,-9.01
8991,-9.00
8992,-9.00
8993,-8.99
8994,-8.99
8995,-8.98
8996,-8.98
8997,-8.95
8998,-8.94
8999,-8.94
9000,-8.92
9001,-8.92
9002,-8.91
9003,-8.90
9004,-8.90
9005,-8.89
9006,-8.89
9007,-8.89
9008,-8.89
9009,-8.87
9010,-8.87
9011,-8.86
9012,-8.86
9013,-8.85
9014,-8.85
9015,-8.82
9016,-8.82
9017,-8.79
9018,-8.77
9019,-8.76
9020,-8.76
9021,-8.75
9022,-8.73
9023,-8.69
9024,-8.68
9025,-8.67
9026,-8.67
9027,-8.65
9028,-8.63
9029,-8.63
9030,-8.63
9031,-8.62
9032,-8.59
9033,-8.58
9034,-8.57
9035,-8.57
9036,-8.54
9037,-8.53
9038,-8.52
9039,-8.52
9040,-8.52
9041,-8.51
9042,-8.51
9043,-8.50
9044,-8.50
9045,-8.49
9046,-8.48
9047,-8.48
9048,-8.48
9049,-8.47
9050,-8.47
9051,-8.46
9052,-8.45
9053,-8.45
9054,-8.44
9055,-8.44
9056,-8.42
9057,-8.42
9058,-8.42
9059,-8.39
9060,-8.38
9061,-8.38
9062,-8.36
9063,-8.33
9064,-8.32
9065,-8.32
9066,-8.32
9067,-8.31
9068,-8.31
9069,-8.30
9070,-8.26
9071,-8.23
9072,-8.23
9073,-8.22
9074,-8.21
9075,-8.19
9076,-8.18
9077,-8.17
9078,-8.15
9079,-8.14
9080,-8.13
9081,-8.12
9082,-8.11
9083,-8.11
9084,-8.11
9085,-8.11
9086,-8.11
9087,-8.10
9088,-8.10
9089,-8.10
9090,-8.10
9091,-8.10
9092,-8.09
9093,-8.08
9094,-8.08
9095,-8.07
9096,-8.06
9097,-8.03
9098,-8.03
9099,-8.03
9100,-8.01
9101,-8.00
9102,-8.00
9103,-7.98
9104,-7.98
9105,-7.96
9106,-7.95
9107,-7.93
9108,-7.93
9109,-7.92
9110,-7.92
9111,-7.92
9112,-7.89
9113,-7.88
9114,-7.87
9115,-7.87
9116,-7.85
9117,-7.84
9118,-7.82
9119,-7.82
9120,-7.82
9121,-7.81
9122,-7.79
9123,-7.79
9124,-7.78
9125,-7.76
9126,-7.76
9127,-7.74
9128,-7.74
9129,-7.72
9130,-7.72
9131,-7.71
9132,-7.71
9133,-7.71
9134,-7.71
9135,-7.70
9136,-7.70
9137,-7.68
9138,-7.67
9139,-7.66
9140,-7.64
9141,-7.62
9142,-7.61
9143,-7.61
9144,-7.59
9145,-7.59
9146,-7.57
9147,-7.56
9148,-7.55
9149,-7.55
9150,-7.55
9151,-7.54
9152,-7.54
9153,-7.54
9154,-7.53
9155,-7.52
9156,-7.51
9157,-7.50
9158,-7.50
9159,-7.49
9160,-7.48
9161,-7.48
9162,-7.47
9163,-7.46
9164,-7.44
9165,-7.44
9166,-7.42
9167,-7.42
9168,-7.41
9169,-7.39
9170,-7.38
9171,-7.37
9172,-7.35
9173,-7.34
9174,-7.34
9175,-7.32
9176,-7.31
9177,-7.30
9178,-7.29
9179,-7.27
9180,-7.27
9181,-7.25
9182,-7.24
9183,-7.22
9184,-7.21
9185,-7.20
9186,-7.20
9187,-7.17
9188,-7.17
9189,-7.16
9190,-7.16
9191,-7.15
9192,-7.15
9193,-7.14
9194,-7.14
9195,-7.14
9196,-7.12
9197,-7.12
9198,-7.11
9199,-7.10
9200,-7.10
9201,-7.09
9202,-7.09
9203,-7.06
9204,-7.05
9205,-7.05
9206,-7.04
9207,-7.03
9208,-7.01
9209,-7.00
9210,-6.99
9211,-6.98
9212,-6.97
9213,-6.97
9214,-6.96
9215,-6.95
9216,-6.93
9217,-6.92
9218,-6.92
9219,-6.90
9220,-6.89
9221,-6.89
9222,-6.87
9223,-6.87
9224,-6.86
9225,-6.85
9226,-6.84
9227,-6.83
9228,-6.83
9229,-6.83
9230,-6.82
9231,-6.80
9232,-6.76
9233,-6.76
9234,-6.75
9235,-6.73
9236,-6.72
9237,-6.71
9238,-6.71
9239,-6.71
9240,-6.71
9241,-6.71
9242,-6.69
9243,-6.69
9244,-6.69
9245,-6.69
9246,-6.68
9247,-6.68
9248,-6.68
9249,-6.65
9250,-6.64
9251,-6.64
9252,-6.64
9253,-6.64
9254,-6.60
9255,-6.59
9256,-6.56
9257,-6.56
9258,-6.56
9259,-6.56
9260,-6.56
9261,-6.56
9262,-6.54
9263,-6.53
9264,-6.50
9265,-6.49
9266,-6.49
9267,-6.49
9268,-6.49
9269,-6.48
9270,-6.47
9271,-6.46
9272,-6.45
9273,-6.44
9274,-6.43
9275,-6.43
9276,-6.42
9277,-6.41
9278,-6.39
9279,-6.39
9280,-6.36
9281,-6.36
9282,-6.35
9283,-6.35
9284,-6.35
9285,-6.34
9286,-6.34
9287,-6.33
9288,-6.32
9289,-6.32
9290,-6.29
9291,-6.26
9292,-6.26
9293,-6.25
9294,-6.25
9295,-6.25
9296,-6.24
9297,-6.24
9298,-6.24
9299,-6.23
9300,-6.23
9301,-6.21
9302,-6.21
9303,-6.17
9304,-6.16
9305,-6.15
9306,-6.15
9307,-6.15
9308,-6.15
9309,-6.12
9310,-6.11
9311,-6.10
9312,-6.10
9313,-6.10
9314,-6.09
9315,-6.08
9316,-6.06
9317,-6.05
9318,-6.03
9319,-6.03
9320,-6.02
9321,-6.02
9322,-6.01
9323,-6.01
9324,-6.00
9325,-5.98
9326,-5.96
9327,-5.94
9328,-5.94
9329,-5.91
9330,-5.91
9331,-5.91
9332,-5.90
9333,-5.90
9334,-5.90
9335,-5.86
9336,-5.85
9337,-5.85
9338,-5.84
9339,-5.84
9340,-5.83
9341,-5.82
9342,-5.82
9343,-5.81
9344,-5.81
9345,-5.81
9346,-5.81
9347,-5.79
9348,-5.78
9349,-5.78
9350,-5.78
9351,-5.78
9352,-5.77
9353,-5.74
9354,-5.73
9355,-5.72
9356,-5.72
9357,-5.70
9358,-5.69
9359,-5.69
9360,-5.66
9361,-5.66
9362,-5.65
9363,-5.63
9364,-5.63
9365,-5.61
9366,-5.60
9367,-5.60
9368,-5.59
9369,-5.58
9370,-5.58
9371,-5.57
9372,-5.56
9373,-5.54
9374,-5.52
9375,-5.51
9376,-5.50
9377,-5.50
9378,-5.48
9379,-5.47
9380,-5.47
9381,-5.45
9382,-5.43
9383,-5.42
9384,-5.42
9385,-5.42
9386,-5.42
9387,-5.40
9388,-5.37
9389,-5.37
9390,-5.33
9391,-5.31
9392,-5.30
9393,-5.29
9394,-5.29
9395,-5.28
9396,-5.27
9397,-5.27
9398,-5.26
9399,-5.23
9400,-5.21
9401,-5.21
9402,-5.20
9403,-5.17
9404,-5.14
9405,-5.13
9406,-5.13
9407,-5.11
9408,-5.08
9409,-5.07
9410,-5.07
9411,-5.07
9412,-5.05
9413,-5.05
9414,-5.03
9415,-5.03
9416,-5.01
9417,-5.00
9418,-4.99
9419,-4.99
9420,-4.97
9421,-4.92
9422,-4.91
9423,-4.91
9424,-4.89
9425,-4.89
9426,-4.89
9427,-4.84
9428,-4.84
9429,-4.84
9430,-4.83
9431,-4.83
9432,-4.82
9433,-4.82
9434,-4.81
9435,-4.81
9436,-4.81
9437,-4.80
9438,-4.78
9439,-4.78
9440,-4.78
9441,-4.77
9442,-4.77
9443,-4.76
9444,-4.73
9445,-4.73
9446,-4.72
9447,-4.72
9448,-4.72
9449,-4.72
9450,-4.71
9451,-4.69
9452,-4.68
9453,-4.68
9454,-4.67
9455,-4.65
9456,-4.65
9457,-4.63
9458,-4.63
9459,-4.63
9460,-4.62
9461,-4.62
9462,-4.62
9463,-4.60
9464,-4.60
9465,-4.59
9466,-4.58
9467,-4.58
9468,-4.58
9469,-4.57
9470,-4.56
9471,-4.56
9472,-4.55
9473,-4.53
9474,-4.52
9475,-4.51
9476,-4.50
9477,-4.50
9478,-4.49
9479,-4.49
9480,-4.49
9481,-4.48
9482,-4.48
9483,-4.48
9484,-4.48
9485,-4.48
9486,-4.46
9487,-4.45
9488,-4.41
9489,-4.40
9490,-4.40
9491,-4.39
9492,-4.38
9493,-4.37
9494,-4.36
9495,-4.35
9496,-4.32
9497,-4.32
9498,-4.32
9499,-4.29
9500,-4.29
9501,-4.28
9502,-4.27
9503,-4.27
9504,-4.27
9505,-4.27
9506,-4.26
9507,-4.25
9508,-4.24
9509,-4.21
9510,-4.20
9511,-4.20
9512,-4.19
9513,-4.17
9514,-4.17
9515,-4.16
9516,-4.16
9517,-4.15
9518,-4.14
9519,-4.14
9520,-4.13
9521,-4.11
9522,-4.11
9523,-4.11
9524,-4.10
9525,-4.09
9526,-4.07
9527,-4.07
9528,-4.06
9529,-4.05
9530,-4.05
9531,-4.04
9532,-4.02
9533,-4.02
9534,-4.02
9535,-4.00
9536,-4.00
9537,-3.99
9538,-3.99
9539,-3.98
9540,-3.98
9541,-3.96
9542,-3.96
9543,-3.95
9544,-3.93
9545,-3.92
9546,-3.91
9547,-3.90
9548,-3.90
9549,-3.90
9550,-3.90
9551,-3.88
9552,-3.88
9553,-3.86
9554,-3.86
9555,-3.85
9556,-3.85
9557,-3.85
9558,-3.83
9559,-3.81
9560,-3.80
9561,-3.78
9562,-3.76
9563,-3.75
9564,-3.75
9565,-3.74
9566,-3.72
9567,-3.69
9568,-3.69
9569,-3.68
9570,-3.68
9571,-3.67
9572,-3.61
9573,-3.61
9574,-3.61
9575,-3.60
9576,-3.59
9577,-3.59
9578,-3.58
9579,-3.58
9580,-3.57
9581,-3.55
9582,-3.55
9583,-3.53
9584,-3.51
9585,-3.50
9586,-3.49
9587,-3.49
9588,-3.47
9589,-3.46
9590,-3.46
9591,-3.44
9592,-3.41
9593,-3.41
9594,-3.39
9595,-3.38
9596,-3.37
9597,-3.35
9598,-3.34
9599,-3.34
9600,-3.32
9601,-3.31
9602,-3.29
9603,-3.29
9604,-3.29
9605,-3.28
9606,-3.28
9607,-3.27
9608,-3.26
9609,-3.26
9610,-3.26
9611,-3.25
9612,-3.25
9613,-3.25
9614,-3.23
9615,-3.22
9616,-3.22
9617,-3.18
9618,-3.18
9619,-3.17
9620,-3.17
9621,-3.16
9622,-3.12
9623,-3.11
9624,-3.09
9625,-3.08
9626,-3.07
9627,-3.06
9628,-3.06
9629,-3.04
9630,-3.03
9631,-3.02
9632,-3.02
9633,-3.01
9634,-3.01
9635,-3.00
9636,-3.00
9637,-2.99
9638,-2.98
9639,-2.97
9640,-2.97
9641,-2.97
9642,-2.96
9643,-2.96
9644,-2.96
9645,-2.94
9646,-2.94
9647,-2.91
9648,-2.91
9649,-2.88
9650,-2.88
9651,-2.87
9652,-2.87
9653,-2.85
9654,-2.85
9655,-2.83
9656,-2.82
9657,-2.80
9658,-2.78
9659,-2.78
9660,-2.77
9661,-2.77
9662,-2.76
9663,-2.76
9664,-2.75
9665,-2.75
9666,-2.75
9667,-2.74
9668,-2.71
9669,-2.71
9670,-2.70
9671,-2.70
9672,-2.69
9673,-2.66
9674,-2.65
9675,-2.64
9676,-2.61
9677,-2.61
9678,-2.61
9679,-2.61
9680,-2.60
9681,-2.60
9682,-2.59
9683,-2.59
9684,-2.59
9685,-2.59
9686,-2.55
9687,-2.52
9688,-2.49
9689,-2.49
9690,-2.48
9691,-2.48
9692,-2.47
9693,-2.47
9694,-2.46
9695,-2.46
9696,-2.45
9697,-2.45
9698,-2.43
9699,-2.43
9700,-2.42
9701,-2.42
9702,-2.41
9703,-2.41
9704,-2.41
9705,-2.40
9706,-2.35
9707,-2.35
9708,-2.35
9709,-2.30
9710,-2.30
9711,-2.29
9712,-2.29
9713,-2.23
9714,-2.22
9715,-2.22
9716,-2.20
9717,-2.20
9718,-2.20
9719,-2.18
9720,-2.18
9721,-2.16
9722,-2.16
9723,-2.15
9724,-2.15
9725,-2.12
9726,-2.12
9727,-2.10
9728,-2.09
9729,-2.08
9730,-2.07
9731,-2.07
9732,-2.06
9733,-2.06
9734,-2.04
9735,-2.04
9736,-2.02
9737,-2.00
9738,-1.99
9739,-1.98
9740,-1.98
9741,-1.98
9742,-1.97
9743,-1.97
9744,-1.96
9745,-1.95
9746,-1.93
9747,-1.93
9748,-1.92
9749,-1.91
9750,-1.90
9751,-1.89
9752,-1.87
9753,-1.86
9754,-1.86
9755,-1.84
9756,-1.84
9757,-1.84
9758,-1.83
9759,-1.83
9760,-1.76
9761,-1.76
9762,-1.75
9763,-1.75
9764,-1.73
9765,-1.73
9766,-1.72
9767,-1.69
9768,-1.69
9769,-1.67
9770,-1.65
9771,-1.65
9772,-1.64
9773,-1.63
9774,-1.63
9775,-1.62
9776,-1.62
9777,-1.60
9778,-1.58
9779,-1.56
9780,-1.55
9781,-1.54
9782,-1.53
9783,-1.53
9784,-1.52
9785,-1.51
9786,-1.51
9787,-1.50
9788,-1.49
9789,-1.47
9790,-1.45
9791,-1.44
9792,-1.44
9793,-1.43
9794,-1.42
9795,-1.40
9796,-1.39
9797,-1.38
9798,-1.38
9799,-1.37
9800,-1.37
9801,-1.36
9802,-1.35
9803,-1.35
9804,-1.34
9805,-1.34
9806,-1.33
9807,-1.32
9808,-1.32
9809,-1.30
9810,-1.30
9811,-1.29
9812,-1.29
9813,-1.27
9814,-1.27
9815,-1.27
9816,-1.26
9817,-1.26
9818,-1.23
9819,-1.22
9820,-1.18
9821,-1.16
9822,-1.14
9823,-1.14
9824,-1.13
9825,-1.13
9826,-1.07
9827,-1.07
9828,-1.04
9829,-1.03
9830,-1.03
9831,-1.02
9832,-1.00
9833,-1.00
9834,-1.00
9835,-1.00
9836,-0.99
9837,-0.98
9838,-0.98
9839,-0.97
9840,-0.97
9841,-0.97
9842,-0.96
9843,-0.95
9844,-0.95
9845,-0.95
9846,-0.95
9847,-0.94
9848,-0.94
9849,-0.94
9850,-0.93
9851,-0.93
9852,-0.93
9853,-0.92
9854,-0.91
9855,-0.90
9856,-0.90
9857,-0.89
9858,-0.89
9859,-0.86
9860,-0.86
9861,-0.85
9862,-0.83
9863,-0.83
9864,-0.82
9865,-0.82
9866,-0.82
9867,-0.81
9868,-0.79
9869,-0.77
9870,-0.77
9871,-0.77
9872,-0.75
9873,-0.74
9874,-0.72
9875,-0.72
9876,-0.72
9877,-0.70
9878,-0.69
9879,-0.68
9880,-0.67
9881,-0.67
9882,-0.66
9883,-0.66
9884,-0.65
9885,-0.64
9886,-0.63
9887,-0.63
9888,-0.62
9889,-0.62
9890,-0.61
9891,-0.57
9892,-0.57
9893,-0.56
9894,-0.56
9895,-0.56
9896,-0.54
9897,-0.53
9898,-0.53
9899,-0.51
9900,-0.51
9901,-0.51
9902,-0.50
9903,-0.50
9904,-0.50
9905,-0.47
9906,-0.46
9907,-0.44
9908,-0.43
9909,-0.43
9910,-0.41
9911,-0.41
9912,-0.37
9913,-0.36
9914,-0.35
9915,-0.32
9916,-0.31
9917,-0.30
9918,-0.29
9919,-0.29
9920,-0.28
9921,-0.26
9922,-0.25
9923,-0.25
9924,-0.25
9925,-0.23
9926,-0.21
9927,-0.21
9928,-0.21
9929,-0.20
9930,-0.19
9931,-0.19
9932,-0.17
9933,-0.13
9934,-0.13
9935,-0.11
9936,-0.11
9937,-0.08
9938,-0.08
9939,-0.08
9940,-0.07
9941,-0.05
9942,-0.05
9943,-0.03
9944,-0.02
9945,-0.02
9946,-0.01
9947,-0.01
9948,0.02
9949,0.02
9950,0.02
9951,0.05
9952,0.05
9953,0.05
9954,0.06
9955,0.08
9956,0.09
9957,0.10
9958,0.10
9959,0.13
9960,0.14
9961,0.16
9962,0.16
9963,0.17
9964,0.17
9965,0.17
9966,0.18
9967,0.19
9968,0.20
9969,0.21
9970,0.21
9971,0.22
9972,0.25
9973,0.25
9974,0.26
9975,0.27
9976,0.27
9977,0.28
9978,0.29
9979,0.29
9980,0.30
9981,0.30
9982,0.30
9983,0.32
9984,0.33
9985,0.34
9986,0.34
9987,0.34
9988,0.35
9989,0.35
9990,0.38
9991,0.38
9992,0.39
9993,0.40
9994,0.40
9995,0.40
9996,0.41
9997,0.43
9998,0.43
9999,0.43
10000,0.46
10001,0.49
10002,0.49
10003,0.50
10004,0.50
10005,0.51
10006,0.51
10007,0.52
10008,0.54
10009,0.54
10010,0.56
10011,0.61
10012,0.63
10013,0.63
10014,0.66
10015,0.67
10016,0.68
10017,0.69
10018,0.71
10019,0.72
10020,0.78
10021,0.78
10022,0.78
10023,0.80
10024,0.81
10025,0.81
10026,0.81
10027,0.81
10028,0.81
10029,0.81
10030,0.83
10031,0.83
10032,0.85
10033,0.85
10034,0.88
10035,0.88
10036,0.89
10037,0.91
10038,0.93
10039,0.93
10040,0.94
10041,0.94
10042,0.95
10043,0.95
10044,0.96
10045,0.96
10046,0.97
10047,1.00
10048,1.00
10049,1.05
10050,1.06
10051,1.07
10052,1.08
10053,1.09
10054,1.10
10055,1.11
10056,1.12
10057,1.13
10058,1.13
10059,1.14
10060,1.14
10061,1.16
10062,1.16
10063,1.17
10064,1.21
10065,1.24
10066,1.25
10067,1.26
10068,1.29
10069,1.30
10070,1.31
10071,1.31
10072,1.32
10073,1.33
10074,1.34
10075,1.35
10076,1.35
10077,1.36
10078,1.37
10079,1.37
10080,1.38
10081,1.38
10082,1.39
10083,1.43
10084,1.43
10085,1.44
10086,1.45
10087,1.47
10088,1.48
10089,1.48
10090,1.49
10091,1.49
10092,1.50
10093,1.50
10094,1.50
10095,1.51
10096,1.51
10097,1.51
10098,1.51
10099,1.53
10100,1.53
10101,1.54
10102,1.55
10103,1.56
10104,1.56
10105,1.57
10106,1.57
10107,1.60
10108,1.60
10109,1.61
10110,1.62
10111,1.63
10112,1.63
10113,1.63
10114,1.66
10115,1.69
10116,1.70
10117,1.70
10118,1.72
10119,1.73
10120,1.73
10121,1.73
10122,1.73
10123,1.75
10124,1.78
10125,1.80
10126,1.82
10127,1.82
10128,1.82
10129,1.82
10130,1.83
10131,1.83
10132,1.84
10133,1.85
10134,1.86
10135,1.88
10136,1.90
10137,1.91
10138,1.92
10139,1.92
10140,1.93
10141,1.94
10142,1.96
10143,1.98
10144,1.98
10145,1.99
10146,1.99
10147,2.00
10148,2.00
10149,2.01
10150,2.01
10151,2.01
10152,2.01
10153,2.02
10154,2.02
10155,2.02
10156,2.07
10157,2.07
10158,2.07
10159,2.08
10160,2.08
10161,2.09
10162,2.10
10163,2.10
10164,2.13
10165,2.13
10166,2.14
10167,2.15
10168,2.16
10169,2.16
10170,2.17
10171,2.17
10172,2.18
10173,2.18
10174,2.20
10175,2.23
10176,2.23
10177,2.26
10178,2.28
10179,2.29
10180,2.29
10181,2.29
10182,2.31
10183,2.31
10184,2.33
10185,2.34
10186,2.35
10187,2.36
10188,2.38
10189,2.40
10190,2.41
10191,2.41
10192,2.43
10193,2.43
10194,2.46
10195,2.47
10196,2.48
10197,2.50
10198,2.50
10199,2.51
10200,2.51
10201,2.52
10202,2.52
10203,2.53
10204,2.54
10205,2.56
10206,2.58
10207,2.59
10208,2.59
10209,2.60
10210,2.60
10211,2.62
10212,2.62
10213,2.63
10214,2.65
10215,2.68
10216,2.69
10217,2.69
10218,2.69
10219,2.70
10220,2.70
10221,2.71
10222,2.71
10223,2.71
10224,2.71
10225,2.73
10226,2.75
10227,2.75
10228,2.76
10229,2.76
10230,2.76
10231,2.76
10232,2.76
10233,2.79
10234,2.79
10235,2.80
10236,2.80
10237,2.82
10238,2.82
10239,2.85
10240,2.85
10241,2.87
10242,2.87
10243,2.88
10244,2.89
10245,2.91
10246,2.92
10247,2.93
10248,2.93
10249,2.94
10250,2.94
10251,2.95
10252,2.98
10253,3.00
10254,3.00
10255,3.01
10256,3.01
10257,3.01
10258,3.02
10259,3.02
10260,3.04
10261,3.04
10262,3.05
10263,3.06
10264,3.06
10265,3.06
10266,3.06
10267,3.07
10268,3.08
10269,3.09
10270,3.10
10271,3.10
10272,3.13
10273,3.14
10274,3.14
10275,3.16
10276,3.17
10277,3.17
10278,3.18
10279,3.18
10280,3.18
10281,3.18
10282,3.19
10283,3.19
10284,3.20
10285,3.20
10286,3.21
10287,3.23
10288,3.24
10289,3.25
10290,3.25
10291,3.26
10292,3.28
10293,3.29
10294,3.30
10295,3.30
10296,3.32
10297,3.32
10298,3.33
10299,3.33
10300,3.35
10301,3.36
10302,3.36
10303,3.38
10304,3.43
10305,3.43
10306,3.45
10307,3.47
10308,3.48
10309,3.49
10310,3.50
10311,3.51
10312,3.51
10313,3.51
10314,3.51
10315,3.51
10316,3.53
10317,3.53
10318,3.54
10319,3.54
10320,3.54
10321,3.55
10322,3.55
10323,3.55
10324,3.55
10325,3.57
10326,3.57
10327,3.58
10328,3.58
10329,3.59
10330,3.61
10331,3.61
10332,3.62
10333,3.63
10334,3.69
10335,3.70
10336,3.70
10337,3.71
10338,3.74
10339,3.74
10340,3.75
10341,3.75
10342,3.76
10343,3.76
10344,3.77
10345,3.78
10346,3.78
10347,3.81
10348,3.84
10349,3.86
10350,3.86
10351,3.87
10352,3.87
10353,3.88
10354,3.89
10355,3.91
10356,3.91
10357,3.92
10358,3.93
10359,3.93
10360,3.93
10361,3.95
10362,3.95
10363,3.95
10364,3.95
10365,3.96
10366,3.98
10367,3.98
10368,3.99
10369,3.99
10370,3.99
10371,3.99
10372,3.99
10373,4.01
10374,4.03
10375,4.03
10376,4.04
10377,4.04
10378,4.04
10379,4.05
10380,4.07
10381,4.08
10382,4.11
10383,4.12
10384,4.13
10385,4.16
10386,4.17
10387,4.17
10388,4.17
10389,4.17
10390,4.17
10391,4.18
10392,4.20
10393,4.20
10394,4.21
10395,4.22
10396,4.22
10397,4.25
10398,4.27
10399,4.30
10400,4.31
10401,4.31
10402,4.31
10403,4.32
10404,4.33
10405,4.33
10406,4.34
10407,4.37
10408,4.39
10409,4.39
10410,4.39
10411,4.41
10412,4.42
10413,4.44
10414,4.44
10415,4.45
10416,4.46
10417,4.46
10418,4.47
10419,4.48
10420,4.49
10421,4.49
10422,4.49
10423,4.50
10424,4.50
10425,4.51
10426,4.51
10427,4.53
10428,4.55
10429,4.56
10430,4.58
10431,4.58
10432,4.59
10433,4.59
10434,4.59
10435,4.60
10436,4.61
10437,4.63
10438,4.64
10439,4.64
10440,4.65
10441,4.65
10442,4.67
10443,4.72
10444,4.75
10445,4.77
10446,4.78
10447,4.78
10448,4.81
10449,4.82
10450,4.82
10451,4.83
10452,4.84
10453,4.84
10454,4.87
10455,4.91
10456,4.92
10457,4.93
10458,4.94
10459,4.95
10460,4.97
10461,4.98
10462,5.00
10463,5.02
10464,5.07
10465,5.07
10466,5.07
10467,5.09
10468,5.10
10469,5.11
10470,5.11
10471,5.12
10472,5.12
10473,5.13
10474,5.13
10475,5.13
10476,5.13
10477,5.16
10478,5.16
10479,5.17
10480,5.17
10481,5.19
10482,5.20
10483,5.21
10484,5.21
10485,5.21
10486,5.22
10487,5.23
10488,5.26
10489,5.27
10490,5.29
10491,5.29
10492,5.30
10493,5.30
10494,5.31
10495,5.31
10496,5.32
10497,5.34
10498,5.36
10499,5.37
10500,5.38
10501,5.40
10502,5.42
10503,5.42
10504,5.44
10505,5.44
10506,5.46
10507,5.47
10508,5.48
10509,5.50
10510,5.51
10511,5.52
10512,5.54
10513,5.54
10514,5.57
10515,5.58
10516,5.59
10517,5.60
10518,5.61
10519,5.62
10520,5.62
10521,5.62
10522,5.63
10523,5.63
10524,5.64
10525,5.67
10526,5.68
10527,5.68
10528,5.70
10529,5.70
10530,5.72
10531,5.73
10532,5.74
10533,5.76
10534,5.78
10535,5.80
10536,5.80
10537,5.82
10538,5.83
10539,5.83
10540,5.86
10541,5.87
10542,5.88
10543,5.89
10544,5.89
10545,5.91
10546,5.91
10547,5.92
10548,5.93
10549,5.93
10550,5.96
10551,5.98
10552,5.99
10553,5.99
10554,6.01
10555,6.01
10556,6.01
10557,6.02
10558,6.05
10559,6.10
10560,6.10
10561,6.11
10562,6.11
10563,6.12
10564,6.12
10565,6.12
10566,6.12
10567,6.12
10568,6.13
10569,6.15
10570,6.15
10571,6.15
10572,6.15
10573,6.16
10574,6.16
10575,6.17
10576,6.17
10577,6.17
10578,6.17
10579,6.19
10580,6.19
10581,6.20
10582,6.20
10583,6.21
10584,6.21
10585,6.22
10586,6.24
10587,6.26
10588,6.27
10589,6.27
10590,6.28
10591,6.28
10592,6.29
10593,6.29
10594,6.31
10595,6.31
10596,6.31
10597,6.32
10598,6.33
10599,6.35
10600,6.35
10601,6.37
10602,6.37
10603,6.37
10604,6.37
10605,6.38
10606,6.39
10607,6.39
10608,6.40
10609,6.41
10610,6.42
10611,6.43
10612,6.43
10613,6.48
10614,6.48
10615,6.50
10616,6.50
10617,6.52
10618,6.52
10619,6.53
10620,6.53
10621,6.55
10622,6.55
10623,6.57
10624,6.57
10625,6.59
10626,6.61
10627,6.62
10628,6.63
10629,6.63
10630,6.64
10631,6.68
10632,6.69
10633,6.69
10634,6.70
10635,6.70
10636,6.75
10637,6.75
10638,6.76
10639,6.77
10640,6.77
10641,6.78
10642,6.80
10643,6.81
10644,6.84
10645,6.84
10646,6.85
10647,6.86
10648,6.89
10649,6.91
10650,6.91
10651,6.91
10652,6.92
10653,6.93
10654,6.94
10655,6.95
10656,6.96
10657,6.96
10658,6.98
10659,6.98
10660,7.01
10661,7.01
10662,7.01
10663,7.02
10664,7.02
10665,7.04
10666,7.05
10667,7.05
10668,7.07
10669,7.10
10670,7.10
10671,7.10
10672,7.13
10673,7.16
10674,7.17
10675,7.17
10676,7.17
10677,7.18
10678,7.18
10679,7.18
10680,7.19
10681,7.20
10682,7.20
10683,7.20
10684,7.20
10685,7.21
10686,7.22
10687,7.23
10688,7.25
10689,7.26
10690,7.26
10691,7.26
10692,7.29
10693,7.31
10694,7.31
10695,7.32
10696,7.33
10697,7.33
10698,7.33
10699,7.34
10700,7.35
10701,7.37
10702,7.40
10703,7.40
10704,7.40
10705,7.46
10706,7.46
10707,7.47
10708,7.47
10709,7.47
10710,7.48
10711,7.48
10712,7.49
10713,7.50
10714,7.52
10715,7.53
10716,7.53
10717,7.54
10718,7.54
10719,7.54
10720,7.54
10721,7.55
10722,7.56
10723,7.57
10724,7.60
10725,7.64
10726,7.64
10727,7.64
10728,7.65
10729,7.66
10730,7.67
10731,7.68
10732,7.68
10733,7.68
10734,7.68
10735,7.70
10736,7.72
10737,7.72
10738,7.73
10739,7.73
10740,7.74
10741,7.75
10742,7.75
10743,7.75
10744,7.76
10745,7.76
10746,7.77
10747,7.77
10748,7.78
10749,7.78
10750,7.80
10751,7.80
10752,7.81
10753,7.82
10754,7.83
10755,7.84
10756,7.85
10757,7.85
10758,7.86
10759,7.86
10760,7.87
10761,7.87
10762,7.88
10763,7.94
10764,7.96
10765,7.97
10766,7.98
10767,7.98
10768,7.99
10769,8.02
10770,8.02
10771,8.03
10772,8.04
10773,8.04
10774,8.04
10775,8.05
10776,8.06
10777,8.06
10778,8.06
10779,8.07
10780,8.07
10781,8.09
10782,8.09
10783,8.10
10784,8.13
10785,8.13
10786,8.13
10787,8.13
10788,8.17
10789,8.17
10790,8.20
10791,8.21
10792,8.22
10793,8.24
10794,8.27
10795,8.28
10796,8.29
10797,8.30
10798,8.31
10799,8.32
10800,8.32
10801,8.33
10802,8.34
10803,8.34
10804,8.35
10805,8.37
10806,8.39
10807,8.40
10808,8.40
10809,8.42
10810,8.43
10811,8.45
10812,8.46
10813,8.47
10814,8.49
10815,8.50
10816,8.50
10817,8.51
10818,8.52
10819,8.53
10820,8.56
10821,8.56
10822,8.57
10823,8.58
10824,8.60
10825,8.60
10826,8.62
10827,8.64
10828,8.64
10829,8.66
10830,8.70
10831,8.73
10832,8.76
10833,8.77
10834,8.77
10835,8.78
10836,8.78
10837,8.78
10838,8.79
10839,8.80
10840,8.80
10841,8.80
10842,8.82
10843,8.83
10844,8.84
10845,8.88
10846,8.89
10847,8.89
10848,8.90
10849,8.90
10850,8.91
10851,8.91
10852,8.91
10853,8.92
10854,8.92
10855,8.93
10856,8.94
10857,8.94
10858,8.95
10859,8.95
10860,8.95
10861,8.95
10862,8.95
10863,8.95
10864,8.96
10865,8.97
10866,9.03
10867,9.03
10868,9.04
10869,9.04
10870,9.05
10871,9.06
10872,9.08
10873,9.09
10874,9.10
10875,9.10
10876,9.11
10877,9.12
10878,9.13
10879,9.15
10880,9.15
10881,9.16
10882,9.17
10883,9.17
10884,9.18
10885,9.18
10886,9.21
10887,9.21
10888,9.21
10889,9.22
10890,9.23
10891,9.23
10892,9.24
10893,9.24
10894,9.25
10895,9.27
10896,9.27
10897,9.30
10898,9.31
10899,9.32
10900,9.36
10901,9.36
10902,9.38
10903,9.41
10904,9.43
10905,9.43
10906,9.44
10907,9.45
10908,9.46
10909,9.46
10910,9.47
10911,9.49
10912,9.49
10913,9.51
10914,9.52
10915,9.54
10916,9.54
10917,9.54
10918,9.56
10919,9.56
10920,9.56
10921,9.56
10922,9.58
10923,9.59
10924,9.59
10925,9.60
10926,9.61
10927,9.62
10928,9.62
10929,9.64
10930,9.65
10931,9.65
10932,9.65
10933,9.65
10934,9.72
10935,9.74
10936,9.75
10937,9.78
10938,9.78
10939,9.79
10940,9.80
10941,9.80
10942,9.80
10943,9.81
10944,9.81
10945,9.82
10946,9.83
10947,9.83
10948,9.84
10949,9.84
10950,9.85
10951,9.86
10952,9.86
10953,9.86
10954,9.88
10955,9.90
10956,9.91
10957,9.93
10958,9.94
10959,9.96
10960,9.96
10961,9.97
10962,9.97
10963,9.97
10964,9.98
10965,9.99
10966,10.01
10967,10.02
10968,10.07
10969,10.08
10970,10.09
10971,10.09
10972,10.18
10973,10.19
10974,10.20
10975,10.21
10976,10.21
10977,10.22
10978,10.22
10979,10.23
10980,10.25
10981,10.25
10982,10.26
10983,10.29
10984,10.29
10985,10.30
10986,10.31
10987,10.31
10988,10.31
10989,10.32
10990,10.33
10991,10.33
10992,10.34
10993,10.35
10994,10.39
10995,10.39
10996,10.39
10997,10.39
10998,10.39
10999,10.40
11000,10.40
11001,10.42
11002,10.43
11003,10.43
11004,10.43
11005,10.43
11006,10.44
11007,10.44
11008,10.46
11009,10.47
11010,10.48
11011,10.48
11012,10.49
11013,10.50
11014,10.51
11015,10.52
11016,10.52
11017,10.56
11018,10.56
11019,10.57
11020,10.58
11021,10.59
11022,10.62
11023,10.64
11024,10.64
11025,10.66
11026,10.66
11027,10.67
11028,10.67
11029,10.67
11030,10.68
11031,10.68
11032,10.69
11033,10.70
11034,10.71
11035,10.71
11036,10.71
11037,10.71
11038,10.72
11039,10.74
11040,10.74
11041,10.75
11042,10.76
11043,10.77
11044,10.77
11045,10.78
11046,10.80
11047,10.81
11048,10.81
11049,10.82
11050,10.83
11051,10.84
11052,10.84
11053,10.84
11054,10.85
11055,10.85
11056,10.86
11057,10.86
11058,10.86
11059,10.86
11060,10.89
11061,10.89
11062,10.90
11063,10.93
11064,10.93
11065,10.95
11066,10.95
11067,10.96
11068,10.97
11069,10.98
11070,10.98
11071,11.01
11072,11.02
11073,11.03
11074,11.05
11075,11.05
11076,11.06
11077,11.08
11078,11.11
11079,11.13
11080,11.14
11081,11.17
11082,11.17
11083,11.20
11084,11.21
11085,11.23
11086,11.24
11087,11.26
11088,11.27
11089,11.27
11090,11.27
11091,11.28
11092,11.29
11093,11.30
11094,11.32
11095,11.32
11096,11.33
11097,11.33
11098,11.36
11099,11.37
11100,11.37
11101,11.37
11102,11.38
11103,11.39
11104,11.40
11105,11.43
11106,11.45
11107,11.45
11108,11.47
11109,11.48
11110,11.50
11111,11.50
11112,11.51
11113,11.52
11114,11.52
11115,11.52
11116,11.54
11117,11.54
11118,11.57
11119,11.57
11120,11.58
11121,11.59
11122,11.59
11123,11.60
11124,11.62
11125,11.62
11126,11.63
11127,11.64
11128,11.64
11129,11.67
11130,11.71
11131,11.71
11132,11.71
11133,11.72
11134,11.72
11135,11.73
11136,11.74
11137,11.74
11138,11.75
11139,11.76
11140,11.77
11141,11.77
11142,11.79
11143,11.79
11144,11.80
11145,11.80
11146,11.81
11147,11.82
11148,11.85
11149,11.85
11150,11.85
11151,11.86
11152,11.86
11153,11.88
11154,11.91
11155,11.92
11156,11.92
11157,11.92
11158,11.93
11159,11.94
11160,11.96
11161,11.96
11162,11.96
11163,11.97
11164,11.99
11165,12.08
11166,12.08
11167,12.10
11168,12.10
11169,12.12
11170,12.12
11171,12.13
11172,12.14
11173,12.17
11174,12.17
11175,12.17
11176,12.17
11177,12.19
11178,12.19
11179,12.19
11180,12.20
11181,12.21
11182,12.21
11183,12.24
11184,12.24
11185,12.26
11186,12.27
11187,12.28
11188,12.29
11189,12.30
11190,12.30
11191,12.31
11192,12.32
11193,12.33
11194,12.34
11195,12.34
11196,12.34
11197,12.35
11198,12.35
11199,12.38
11200,12.38
11201,12.39
11202,12.40
11203,12.41
11204,12.42
11205,12.44
11206,12.45
11207,12.47
11208,12.47
11209,12.49
11210,12.54
11211,12.56
11212,12.57
11213,12.59
11214,12.61
11215,12.61
11216,12.63
11217,12.65
11218,12.66
11219,12.68
11220,12.69
11221,12.70
11222,12.70
11223,12.70
11224,12.71
11225,12.71
11226,12.71
11227,12.72
11228,12.73
11229,12.76
11230,12.77
11231,12.78
11232,12.78
11233,12.78
11234,12.79
11235,12.80
11236,12.81
11237,12.82
11238,12.83
11239,12.84
11240,12.84
11241,12.87
11242,12.87
11243,12.88
11244,12.88
11245,12.89
11246,12.89
11247,12.90
11248,12.91
11249,12.91
11250,12.92
11251,12.93
11252,12.94
11253,12.95
11254,12.95
11255,13.01
11256,13.01
11257,13.03
11258,13.03
11259,13.03
11260,13.03
11261,13.04
11262,13.05
11263,13.05
11264,13.06
11265,13.07
11266,13.07
11267,13.08
11268,13.09
11269,13.10
11270,13.11
11271,13.12
11272,13.12
11273,13.12
11274,13.12
11275,13.13
11276,13.15
11277,13.15
11278,13.16
11279,13.17
11280,13.18
11281,13.18
11282,13.19
11283,13.19
11284,13.20
11285,13.22
11286,13.22
11287,13.23
11288,13.23
11289,13.23
11290,13.24
11291,13.24
11292,13.24
11293,13.25
11294,13.27
11295,13.29
11296,13.30
11297,13.30
11298,13.30
11299,13.30
11300,13.31
11301,13.33
11302,13.33
11303,13.34
11304,13.34
11305,13.35
11306,13.35
11307,13.37
11308,13.37
11309,13.38
11310,13.38
11311,13.38
11312,13.39
11313,13.39
11314,13.42
11315,13.42
11316,13.46
11317,13.46
11318,13.49
11319,13.52
11320,13.52
11321,13.55
11322,13.58
11323,13.60
11324,13.61
11325,13.63
11326,13.64
11327,13.64
11328,13.65
11329,13.66
11330,13.67
11331,13.68
11332,13.68
11333,13.69
11334,13.72
11335,13.72
11336,13.72
11337,13.72
11338,13.72
11339,13.74
11340,13.75
11341,13.76
11342,13.76
11343,13.76
11344,13.77
11345,13.77
11346,13.77
11347,13.78
11348,13.78
11349,13.78
11350,13.79
11351,13.80
11352,13.82
11353,13.82
11354,13.83
11355,13.83
11356,13.85
11357,13.85
11358,13.86
11359,13.86
11360,13.86
11361,13.86
11362,13.86
11363,13.87
11364,13.87
11365,13.88
11366,13.89
11367,13.89
11368,13.89
11369,13.93
11370,13.94
11371,13.96
11372,13.98
11373,14.00
11374,14.04
11375,14.05
11376,14.05
11377,14.05
11378,14.07
11379,14.08
11380,14.11
11381,14.12
11382,14.13
11383,14.14
11384,14.14
11385,14.14
11386,14.15
11387,14.16
11388,14.17
11389,14.18
11390,14.21
11391,14.22
11392,14.22
11393,14.24
11394,14.25
11395,14.28
11396,14.28
11397,14.29
11398,14.29
11399,14.35
11400,14.38
11401,14.40
11402,14.43
11403,14.43
11404,14.44
11405,14.46
11406,14.47
11407,14.47
11408,14.48
11409,14.49
11410,14.49
11411,14.50
11412,14.50
11413,14.51
11414,14.53
11415,14.53
11416,14.53
11417,14.54
11418,14.54
11419,14.54
11420,14.55
11421,14.55
11422,14.56
11423,14.57
11424,14.57
11425,14.59
11426,14.62
11427,14.63
11428,14.63
11429,14.64
11430,14.65
11431,14.65
11432,14.66
11433,14.68
11434,14.69
11435,14.69
11436,14.70
11437,14.70
11438,14.71
11439,14.74
11440,14.77
11441,14.77
11442,14.77
11443,14.78
11444,14.79
11445,14.79
11446,14.81
11447,14.83
11448,14.83
11449,14.83
11450,14.84
11451,14.85
11452,14.85
11453,14.86
11454,14.86
11455,14.87
11456,14.88
11457,14.88
11458,14.89
11459,14.91
11460,14.91
11461,14.92
11462,14.93
11463,14.96
11464,14.97
11465,14.98
11466,15.03
11467,15.04
11468,15.04
11469,15.05
11470,15.06
11471,15.07
11472,15.08
11473,15.09
11474,15.10
11475,15.11
11476,15.12
11477,15.12
11478,15.12
11479,15.14
11480,15.14
11481,15.15
11482,15.16
11483,15.17
11484,15.18
11485,15.20
11486,15.20
11487,15.20
11488,15.20
11489,15.21
11490,15.21
11491,15.21
11492,15.22
11493,15.26
11494,15.27
11495,15.27
11496,15.28
11497,15.29
11498,15.31
11499,15.34
11500,15.35
11501,15.37
11502,15.38
11503,15.40
11504,15.41
11505,15.42
11506,15.43
11507,15.44
11508,15.44
11509,15.45
11510,15.46
11511,15.47
11512,15.48
11513,15.48
11514,15.49
11515,15.50
11516,15.51
11517,15.51
11518,15.52
11519,15.53
11520,15.53
11521,15.54
11522,15.55
11523,15.56
11524,15.57
11525,15.58
11526,15.60
11527,15.61
11528,15.62
11529,15.64
11530,15.64
11531,15.64
11532,15.64
11533,15.68
11534,15.68
11535,15.70
11536,15.70
11537,15.71
11538,15.71
11539,15.72
11540,15.74
11541,15.74
11542,15.74
11543,15.74
11544,15.75
11545,15.76
11546,15.77
11547,15.79
11548,15.80
11549,15.80
11550,15.80
11551,15.82
11552,15.82
11553,15.83
11554,15.84
11555,15.85
11556,15.89
11557,15.89
11558,15.90
11559,15.93
11560,15.93
11561,15.94
11562,15.96
11563,15.97
11564,15.99
11565,16.00
11566,16.01
11567,16.02
11568,16.03
11569,16.03
11570,16.05
11571,16.06
11572,16.06
11573,16.08
11574,16.08
11575,16.09
11576,16.10
11577,16.11
11578,16.11
11579,16.13
11580,16.15
11581,16.15
11582,16.15
11583,16.18
11584,16.21
11585,16.21
11586,16.22
11587,16.22
11588,16.24
11589,16.26
11590,16.27
11591,16.27
11592,16.28
11593,16.29
11594,16.30
11595,16.30
11596,16.31
11597,16.31
11598,16.32
11599,16.32
11600,16.32
11601,16.32
11602,16.33
11603,16.35
11604,16.35
11605,16.35
11606,16.36
11607,16.36
11608,16.37
11609,16.38
11610,16.38
11611,16.41
11612,16.41
11613,16.43
11614,16.43
11615,16.44
11616,16.45
11617,16.46
11618,16.46
11619,16.47
11620,16.48
11621,16.49
11622,16.50
11623,16.51
11624,16.52
11625,16.52
11626,16.55
11627,16.55
11628,16.58
11629,16.58
11630,16.58
11631,16.59
11632,16.60
11633,16.62
11634,16.62
11635,16.63
11636,16.66
11637,16.66
11638,16.67
11639,16.68
11640,16.68
11641,16.69
11642,16.70
11643,16.70
11644,16.70
11645,16.70
11646,16.71
11647,16.72
11648,16.73
11649,16.75
11650,16.77
11651,16.77
11652,16.83
11653,16.83
11654,16.83
11655,16.85
11656,16.87
11657,16.88
11658,16.88
11659,16.88
11660,16.90
11661,16.90
11662,16.92
11663,16.94
11664,16.94
11665,16.94
11666,16.95
11667,16.95
11668,16.95
11669,16.97
11670,16.97
11671,16.98
11672,17.02
11673,17.02
11674,17.03
11675,17.04
11676,17.04
11677,17.04
11678,17.05
11679,17.06
11680,17.07
11681,17.07
11682,17.08
11683,17.09
11684,17.10
11685,17.10
11686,17.10
11687,17.10
11688,17.11
11689,17.13
11690,17.14
11691,17.16
11692,17.20
11693,17.20
11694,17.22
11695,17.25
11696,17.26
11697,17.27
11698,17.28
11699,17.28
11700,17.29
11701,17.31
11702,17.32
11703,17.33
11704,17.34
11705,17.34
11706,17.35
11707,17.36
11708,17.37
11709,17.37
11710,17.38
11711,17.39
11712,17.39
11713,17.39
11714,17.42
11715,17.42
11716,17.44
11717,17.44
11718,17.44
11719,17.46
11720,17.46
11721,17.47
11722,17.49
11723,17.51
11724,17.51
11725,17.52
11726,17.53
11727,17.57
11728,17.59
11729,17.59
11730,17.60
11731,17.62
11732,17.63
11733,17.66
11734,17.66
11735,17.68
11736,17.68
11737,17.69
11738,17.70
11739,17.72
11740,17.72
11741,17.73
11742,17.73
11743,17.75
11744,17.75
11745,17.76
11746,17.76
11747,17.78
11748,17.79
11749,17.79
11750,17.80
11751,17.81
11752,17.81
11753,17.84
11754,17.85
11755,17.87
11756,17.88
11757,17.88
11758,17.91
11759,17.92
11760,17.92
11761,17.93
11762,17.95
11763,17.97
11764,17.97
11765,17.98
11766,17.98
11767,17.99
11768,18.00
11769,18.00
11770,18.00
11771,18.00
11772,18.00
11773,18.03
11774,18.04
11775,18.04
11776,18.04
11777,18.05
11778,18.07
11779,18.08
11780,18.08
11781,18.09
11782,18.11
11783,18.11
11784,18.11
11785,18.12
11786,18.15
11787,18.15
11788,18.15
11789,18.18
11790,18.19
11791,18.20
11792,18.21
11793,18.22
11794,18.23
11795,18.23
11796,18.24
11797,18.26
11798,18.26
11799,18.28
11800,18.29
11801,18.29
11802,18.30
11803,18.31
11804,18.33
11805,18.33
11806,18.33
11807,18.33
11808,18.34
11809,18.35
11810,18.35
11811,18.35
11812,18.36
11813,18.39
11814,18.39
11815,18.40
11816,18.40
11817,18.42
11818,18.43
11819,18.44
11820,18.44
11821,18.45
11822,18.45
11823,18.45
11824,18.46
11825,18.48
11826,18.49
11827,18.50
11828,18.50
11829,18.52
11830,18.52
11831,18.53
11832,18.53
11833,18.54
11834,18.57
11835,18.61
11836,18.62
11837,18.62
11838,18.62
11839,18.64
11840,18.64
11841,18.65
11842,18.66
11843,18.66
11844,18.67
11845,18.68
11846,18.70
11847,18.72
11848,18.74
11849,18.74
11850,18.75
11851,18.76
11852,18.77
11853,18.77
11854,18.78
11855,18.80
11856,18.81
11857,18.82
11858,18.83
11859,18.84
11860,18.84
11861,18.86
11862,18.87
11863,18.88
11864,18.88
11865,18.88
11866,18.90
11867,18.91
11868,18.91
11869,18.92
11870,18.92
11871,18.93
11872,18.93
11873,18.95
11874,18.96
11875,18.98
11876,18.99
11877,18.99
11878,19.03
11879,19.07
11880,19.08
11881,19.10
11882,19.13
11883,19.14
11884,19.14
11885,19.15
11886,19.16
11887,19.16
11888,19.16
11889,19.17
11890,19.17
11891,19.17
11892,19.18
11893,19.18
11894,19.20
11895,19.21
11896,19.22
11897,19.24
11898,19.24
11899,19.28
11900,19.28
11901,19.28
11902,19.30
11903,19.31
11904,19.31
11905,19.33
11906,19.33
11907,19.33
11908,19.33
11909,19.35
11910,19.36
11911,19.36
11912,19.39
11913,19.41
11914,19.43
11915,19.45
11916,19.45
11917,19.47
11918,19.50
11919,19.50
11920,19.51
11921,19.51
11922,19.51
11923,19.52
11924,19.55
11925,19.58
11926,19.58
11927,19.59
11928,19.60
11929,19.62
11930,19.63
11931,19.63
11932,19.65
11933,19.67
11934,19.67
11935,19.69
11936,19.70
11937,19.70
11938,19.72
11939,19.73
11940,19.75
11941,19.76
11942,19.76
11943,19.77
11944,19.78
11945,19.79
11946,19.80
11947,19.80
11948,19.81
11949,19.81
11950,19.83
11951,19.83
11952,19.83
11953,19.88
11954,19.88
11955,19.88
11956,19.88
11957,19.89
11958,19.90
11959,19.90
11960,19.90
11961,19.90
11962,19.90
11963,19.93
11964,19.93
11965,19.94
11966,19.95
11967,19.95
11968,19.96
11969,19.97
11970,19.98
11971,19.99
11972,20.00
11973,20.00
11974,20.00
11975,20.01
11976,20.05
11977,20.06
11978,20.06
11979,20.07
11980,20.09
11981,20.10
11982,20.10
11983,20.11
11984,20.13
11985,20.13
11986,20.16
11987,20.18
11988,20.19
11989,20.20
11990,20.21
11991,20.22
11992,20.23
11993,20.24
11994,20.24
11995,20.24
11996,20.25
11997,20.26
11998,20.26
11999,20.27
12000,20.27
12001,20.28
12002,20.28
12003,20.30
12004,20.34
12005,20.34
12006,20.36
12007,20.37
12008,20.37
12009,20.37
12010,20.40
12011,20.40
12012,20.40
12013,20.42
12014,20.42
12015,20.43
12016,20.45
12017,20.47
12018,20.48
12019,20.48
12020,20.49
12021,20.50
12022,20.50
12023,20.50
12024,20.52
12025,20.52
12026,20.54
12027,20.54
12028,20.56
12029,20.59
12030,20.59
12031,20.59
12032,20.60
12033,20.61
12034,20.62
12035,20.63
12036,20.63
12037,20.64
12038,20.64
12039,20.64
12040,20.64
12041,20.64
12042,20.64
12043,20.65
12044,20.65
12045,20.67
12046,20.67
12047,20.67
12048,20.68
12049,20.68
12050,20.69
12051,20.69
12052,20.71
12053,20.72
12054,20.73
12055,20.73
12056,20.73
12057,20.74
12058,20.77
12059,20.78
12060,20.79
12061,20.81
12062,20.81
12063,20.82
12064,20.82
12065,20.83
12066,20.84
12067,20.89
12068,20.90
12069,20.90
12070,20.90
12071,20.91
12072,20.91
12073,20.91
12074,20.92
12075,20.93
12076,20.94
12077,20.98
12078,21.00
12079,21.01
12080,21.03
12081,21.04
12082,21.06
12083,21.07
12084,21.07
12085,21.10
12086,21.11
12087,21.12
12088,21.13
12089,21.14
12090,21.14
12091,21.15
12092,21.16
12093,21.18
12094,21.19
12095,21.22
12096,21.22
12097,21.24
12098,21.25
12099,21.26
12100,21.28
12101,21.29
12102,21.31
12103,21.32
12104,21.34
12105,21.36
12106,21.37
12107,21.38
12108,21.38
12109,21.38
12110,21.40
12111,21.40
12112,21.40
12113,21.42
12114,21.42
12115,21.42
12116,21.42
12117,21.43
12118,21.44
12119,21.44
12120,21.46
12121,21.49
12122,21.49
12123,21.50
12124,21.50
12125,21.50
12126,21.53
12127,21.54
12128,21.55
12129,21.56
12130,21.57
12131,21.58
12132,21.59
12133,21.60
12134,21.60
12135,21.61
12136,21.62
12137,21.62
12138,21.63
12139,21.63
12140,21.63
12141,21.64
12142,21.64
12143,21.65
12144,21.66
12145,21.66
12146,21.66
12147,21.66
12148,21.69
12149,21.72
12150,21.73
12151,21.73
12152,21.73
12153,21.74
12154,21.76
12155,21.77
12156,21.77
12157,21.78
12158,21.79
12159,21.80
12160,21.81
12161,21.83
12162,21.83
12163,21.84
12164,21.86
12165,21.87
12166,21.89
12167,21.89
12168,21.90
12169,21.90
12170,21.91
12171,21.91
12172,21.92
12173,21.93
12174,21.94
12175,21.95
12176,21.96
12177,21.97
12178,21.98
12179,21.99
12180,22.00
12181,22.02
12182,22.03
12183,22.04
12184,22.04
12185,22.06
12186,22.07
12187,22.08
12188,22.08
12189,22.13
12190,22.13
12191,22.18
12192,22.19
12193,22.21
12194,22.21
12195,22.21
12196,22.21
12197,22.23
12198,22.23
12199,22.25
12200,22.25
12201,22.25
12202,22.26
12203,22.26
12204,22.28
12205,22.28
12206,22.29
12207,22.31
12208,22.32
12209,22.33
12210,22.33
12211,22.34
12212,22.34
12213,22.36
12214,22.36
12215,22.37
12216,22.40
12217,22.41
12218,22.42
12219,22.42
12220,22.42
12221,22.44
12222,22.46
12223,22.46
12224,22.49
12225,22.49
12226,22.49
12227,22.49
12228,22.49
12229,22.50
12230,22.50
12231,22.51
12232,22.52
12233,22.53
12234,22.53
12235,22.54
12236,22.54
12237,22.58
12238,22.58
12239,22.59
12240,22.59
12241,22.60
12242,22.60
12243,22.60
12244,22.62
12245,22.65
12246,22.65
12247,22.66
12248,22.66
12249,22.66
12250,22.67
12251,22.68
12252,22.68
12253,22.68
12254,22.69
12255,22.70
12256,22.71
12257,22.78
12258,22.80
12259,22.80
12260,22.83
12261,22.84
12262,22.86
12263,22.88
12264,22.89
12265,22.90
12266,22.90
12267,22.91
12268,22.92
12269,22.95
12270,22.96
12271,22.97
12272,22.99
12273,23.00
12274,23.05
12275,23.05
12276,23.06
12277,23.07
12278,23.08
12279,23.09
12280,23.11
12281,23.11
12282,23.11
12283,23.12
12284,23.14
12285,23.16
12286,23.17
12287,23.19
12288,23.20
12289,23.21
12290,23.22
12291,23.22
12292,23.23
12293,23.25
12294,23.25
12295,23.25
12296,23.26
12297,23.26
12298,23.26
12299,23.28
12300,23.28
12301,23.28
12302,23.32
12303,23.33
12304,23.33
12305,23.34
12306,23.35
12307,23.36
12308,23.37
12309,23.38
12310,23.39
12311,23.41
12312,23.42
12313,23.43
12314,23.43
12315,23.44
12316,23.46
12317,23.49
12318,23.49
12319,23.50
12320,23.51
12321,23.52
12322,23.52
12323,23.53
12324,23.54
12325,23.55
12326,23.55
12327,23.56
12328,23.56
12329,23.56
12330,23.57
12331,23.58
12332,23.60
12333,23.60
12334,23.61
12335,23.61
12336,23.61
12337,23.61
12338,23.63
12339,23.63
12340,23.65
12341,23.65
12342,23.68
12343,23.69
12344,23.70
12345,23.72
12346,23.72
12347,23.72
12348,23.75
12349,23.76
12350,23.78
12351,23.79
12352,23.80
12353,23.81
12354,23.81
12355,23.81
12356,23.83
12357,23.83
12358,23.85
12359,23.88
12360,23.88
12361,23.88
12362,23.89
12363,23.89
12364,23.90
12365,23.92
12366,23.94
12367,23.95
12368,23.96
12369,23.96
12370,23.97
12371,23.99
12372,24.01
12373,24.01
12374,24.03
12375,24.03
12376,24.04
12377,24.05
12378,24.05
12379,24.09
12380,24.10
12381,24.10
12382,24.12
12383,24.12
12384,24.13
12385,24.14
12386,24.14
12387,24.15
12388,24.17
12389,24.18
12390,24.18
12391,24.21
12392,24.24
12393,24.24
12394,24.26
12395,24.29
12396,24.30
12397,24.31
12398,24.31
12399,24.32
12400,24.32
12401,24.33
12402,24.35
12403,24.38
12404,24.38
12405,24.38
12406,24.41
12407,24.41
12408,24.42
12409,24.43
12410,24.43
12411,24.44
12412,24.46
12413,24.47
12414,24.48
12415,24.49
12416,24.51
12417,24.51
12418,24.52
12419,24.54
12420,24.55
12421,24.55
12422,24.57
12423,24.58
12424,24.59
12425,24.59
12426,24.60
12427,24.61
12428,24.64
12429,24.65
12430,24.66
12431,24.66
12432,24.68
12433,24.68
12434,24.69
12435,24.70
12436,24.70
12437,24.71
12438,24.72
12439,24.73
12440,24.75
12441,24.76
12442,24.77
12443,24.77
12444,24.77
12445,24.79
12446,24.79
12447,24.83
12448,24.83
12449,24.84
12450,24.88
12451,24.88
12452,24.88
12453,24.89
12454,24.89
12455,24.90
12456,24.92
12457,24.93
12458,24.93
12459,24.93
12460,24.94
12461,24.94
12462,24.94
12463,24.98
12464,25.01
12465,25.01
12466,25.03
12467,25.03
12468,25.06
12469,25.06
12470,25.06
12471,25.06
12472,25.09
12473,25.09
12474,25.09
12475,25.11
12476,25.11
12477,25.13
12478,25.14
12479,25.17
12480,25.17
12481,25.18
12482,25.18
12483,25.19
12484,25.19
12485,25.20
12486,25.20
12487,25.21
12488,25.22
12489,25.23
12490,25.23
12491,25.24
12492,25.26
12493,25.26
12494,25.27
12495,25.30
12496,25.30
12497,25.30
12498,25.32
12499,25.34
12500,25.35
12501,25.35
12502,25.36
12503,25.37
12504,25.38
12505,25.38
12506,25.39
12507,25.39
12508,25.41
12509,25.41
12510,25.42
12511,25.45
12512,25.50
12513,25.50
12514,25.51
12515,25.53
12516,25.53
12517,25.53
12518,25.54
12519,25.55
12520,25.55
12521,25.57
12522,25.57
12523,25.60
12524,25.62
12525,25.62
12526,25.62
12527,25.63
12528,25.65
12529,25.65
12530,25.66
12531,25.67
12532,25.67
12533,25.69
12534,25.69
12535,25.69
12536,25.69
12537,25.69
12538,25.70
12539,25.72
12540,25.72
12541,25.72
12542,25.72
12543,25.73
12544,25.75
12545,25.77
12546,25.78
12547,25.79
12548,25.80
12549,25.80
12550,25.80
12551,25.81
12552,25.82
12553,25.82
12554,25.82
12555,25.83
12556,25.83
12557,25.83
12558,25.83
12559,25.84
12560,25.84
12561,25.85
12562,25.85
12563,25.85
12564,25.86
12565,25.89
12566,25.89
12567,25.89
12568,25.90
12569,25.94
12570,25.96
12571,25.96
12572,25.96
12573,25.99
12574,26.00
12575,26.00
12576,26.01
12577,26.03
12578,26.03
12579,26.06
12580,26.07
12581,26.09
12582,26.09
12583,26.09
12584,26.09
12585,26.11
12586,26.11
12587,26.12
12588,26.12
12589,26.14
12590,26.14
12591,26.14
12592,26.14
12593,26.15
12594,26.15
12595,26.15
12596,26.16
12597,26.20
12598,26.21
12599,26.21
12600,26.21
12601,26.23
12602,26.23
12603,26.23
12604,26.24
12605,26.24
12606,26.24
12607,26.27
12608,26.28
12609,26.28
12610,26.29
12611,26.29
12612,26.36
12613,26.36
12614,26.36
12615,26.39
12616,26.39
12617,26.40
12618,26.41
12619,26.43
12620,26.47
12621,26.47
12622,26.48
12623,26.48
12624,26.49
12625,26.50
12626,26.54
12627,26.55
12628,26.56
12629,26.56
12630,26.57
12631,26.58
12632,26.60
12633,26.62
12634,26.62
12635,26.62
12636,26.63
12637,26.63
12638,26.65
12639,26.66
12640,26.68
12641,26.69
12642,26.69
12643,26.70
12644,26.71
12645,26.71
12646,26.72
12647,26.73
12648,26.73
12649,26.73
12650,26.74
12651,26.75
12652,26.76
12653,26.78
12654,26.80
12655,26.80
12656,26.81
12657,26.84
12658,26.86
12659,26.87
12660,26.87
12661,26.87
12662,26.88
12663,26.88
12664,26.89
12665,26.89
12666,26.94
12667,26.95
12668,26.98
12669,27.00
12670,27.01
12671,27.01
12672,27.04
12673,27.05
12674,27.05
12675,27.06
12676,27.07
12677,27.07
12678,27.09
12679,27.09
12680,27.09
12681,27.10
12682,27.11
12683,27.11
12684,27.12
12685,27.12
12686,27.12
12687,27.13
12688,27.14
12689,27.16
12690,27.16
12691,27.16
12692,27.17
12693,27.19
12694,27.20
12695,27.21
12696,27.21
12697,27.22
12698,27.23
12699,27.24
12700,27.24
12701,27.27
12702,27.27
12703,27.28
12704,27.29
12705,27.29
12706,27.30
12707,27.31
12708,27.32
12709,27.34
12710,27.35
12711,27.36
12712,27.37
12713,27.37
12714,27.38
12715,27.40
12716,27.41
12717,27.42
12718,27.43
12719,27.43
12720,27.45
12721,27.45
12722,27.45
12723,27.46
12724,27.46
12725,27.46
12726,27.47
12727,27.47
12728,27.48
12729,27.50
12730,27.53
12731,27.53
12732,27.53
12733,27.55
12734,27.55
12735,27.56
12736,27.57
12737,27.57
12738,27.58
12739,27.59
12740,27.59
12741,27.60
12742,27.60
12743,27.60
12744,27.62
12745,27.66
12746,27.66
12747,27.67
12748,27.67
12749,27.68
12750,27.68
12751,27.69
12752,27.72
12753,27.72
12754,27.74
12755,27.75
12756,27.75
12757,27.75
12758,27.75
12759,27.76
12760,27.76
12761,27.77
12762,27.78
12763,27.79
12764,27.80
12765,27.80
12766,27.81
12767,27.81
12768,27.82
12769,27.82
12770,27.85
12771,27.85
12772,27.86
12773,27.86
12774,27.87
12775,27.88
12776,27.90
12777,27.90
12778,27.90
12779,27.92
12780,27.94
12781,27.94
12782,27.96
12783,27.99
12784,27.99
12785,28.00
12786,28.01
12787,28.01
12788,28.05
12789,28.07
12790,28.07
12791,28.09
12792,28.10
12793,28.12
12794,28.12
12795,28.12
12796,28.13
12797,28.13
12798,28.13
12799,28.13
12800,28.14
12801,28.14
12802,28.15
12803,28.18
12804,28.19
12805,28.19
12806,28.19
12807,28.19
12808,28.20
12809,28.20
12810,28.25
12811,28.26
12812,28.28
12813,28.30
12814,28.30
12815,28.31
12816,28.34
12817,28.36
12818,28.36
12819,28.36
12820,28.37
12821,28.37
12822,28.37
12823,28.39
12824,28.39
12825,28.40
12826,28.40
12827,28.43
12828,28.45
12829,28.50
12830,28.51
12831,28.51
12832,28.51
12833,28.53
12834,28.54
12835,28.57
12836,28.57
12837,28.57
12838,28.58
12839,28.59
12840,28.59
12841,28.59
12842,28.59
12843,28.61
12844,28.62
12845,28.65
12846,28.67
12847,28.67
12848,28.67
12849,28.68
12850,28.69
12851,28.69
12852,28.69
12853,28.71
12854,28.73
12855,28.73
12856,28.73
12857,28.74
12858,28.75
12859,28.75
12860,28.75
12861,28.76
12862,28.76
12863,28.77
12864,28.77
12865,28.78
12866,28.78
12867,28.79
12868,28.80
12869,28.81
12870,28.81
12871,28.83
12872,28.83
12873,28.85
12874,28.85
12875,28.86
12876,28.89
12877,28.91
12878,28.91
12879,28.91
12880,28.94
12881,28.94
12882,28.95
12883,28.96
12884,28.96
12885,28.96
12886,28.98
12887,28.99
12888,28.99
12889,29.01
12890,29.02
12891,29.02
12892,29.03
12893,29.03
12894,29.04
12895,29.04
12896,29.04
12897,29.04
12898,29.05
12899,29.06
12900,29.06
12901,29.07
12902,29.08
12903,29.10
12904,29.11
12905,29.13
12906,29.14
12907,29.15
12908,29.16
12909,29.16
12910,29.16
12911,29.17
12912,29.17
12913,29.18
12914,29.18
12915,29.18
12916,29.19
12917,29.20
12918,29.20
12919,29.21
12920,29.21
12921,29.21
12922,29.27
12923,29.27
12924,29.28
12925,29.28
12926,29.29
12927,29.30
12928,29.30
12929,29.32
12930,29.33
12931,29.34
12932,29.34
12933,29.35
12934,29.36
12935,29.37
12936,29.38
12937,29.39
12938,29.39
12939,29.41
12940,29.42
12941,29.42
12942,29.42
12943,29.42
12944,29.43
12945,29.43
12946,29.43
12947,29.44
12948,29.45
12949,29.46
12950,29.48
12951,29.50
12952,29.51
12953,29.51
12954,29.51
12955,29.52
12956,29.52
12957,29.52
12958,29.53
12959,29.55
12960,29.55
12961,29.56
12962,29.56
12963,29.61
12964,29.63
12965,29.65
12966,29.65
12967,29.67
12968,29.68
12969,29.69
12970,29.69
12971,29.69
12972,29.70
12973,29.73
12974,29.73
12975,29.76
12976,29.76
12977,29.78
12978,29.78
12979,29.80
12980,29.80
12981,29.80
12982,29.81
12983,29.83
12984,29.84
12985,29.84
12986,29.87
12987,29.88
12988,29.88
12989,29.91
12990,29.93
12991,29.94
12992,29.96
12993,29.97
12994,29.99
12995,29.99
12996,30.00
12997,30.01
12998,30.01
12999,30.02
13000,30.02
13001,30.03
13002,30.03
13003,30.06
13004,30.06
13005,30.10
13006,30.10
13007,30.11
13008,30.11
13009,30.13
13010,30.13
13011,30.14
13012,30.14
13013,30.14
13014,30.15
13015,30.16
13016,30.16
13017,30.17
13018,30.17
13019,30.18
13020,30.18
13021,30.19
13022,30.22
13023,30.23
13024,30.24
13025,30.24
13026,30.26
13027,30.26
13028,30.27
13029,30.28
13030,30.28
13031,30.28
13032,30.29
13033,30.30
13034,30.30
13035,30.30
13036,30.31
13037,30.31
13038,30.31
13039,30.32
13040,30.32
13041,30.33
13042,30.35
13043,30.36
13044,30.38
13045,30.40
13046,30.41
13047,30.41
13048,30.41
13049,30.42
13050,30.45
13051,30.45
13052,30.47
13053,30.48
13054,30.49
13055,30.50
13056,30.52
13057,30.55
13058,30.56
13059,30.57
13060,30.59
13061,30.61
13062,30.61
13063,30.64
13064,30.64
13065,30.65
13066,30.66
13067,30.68
13068,30.68
13069,30.69
13070,30.69
13071,30.70
13072,30.70
13073,30.70
13074,30.71
13075,30.72
13076,30.73
13077,30.76
13078,30.76
13079,30.78
13080,30.80
13081,30.82
13082,30.82
13083,30.83
13084,30.84
13085,30.84
13086,30.86
13087,30.87
13088,30.87
13089,30.90
13090,30.91
13091,30.92
13092,30.92
13093,30.93
13094,30.94
13095,30.94
13096,30.95
13097,30.95
13098,30.98
13099,31.00
13100,31.00
13101,31.01
13102,31.06
13103,31.07
13104,31.08
13105,31.10
13106,31.11
13107,31.11
13108,31.12
13109,31.12
13110,31.14
13111,31.16
13112,31.16
13113,31.17
13114,31.19
13115,31.20
13116,31.21
13117,31.21
13118,31.22
13119,31.23
13120,31.23
13121,31.24
13122,31.24
13123,31.28
13124,31.28
13125,31.30
13126,31.32
13127,31.33
13128,31.35
13129,31.37
13130,31.39
13131,31.39
13132,31.39
13133,31.39
13134,31.43
13135,31.44
13136,31.44
13137,31.44
13138,31.46
13139,31.46
13140,31.48
13141,31.49
13142,31.50
13143,31.50
13144,31.52
13145,31.52
13146,31.53
13147,31.55
13148,31.56
13149,31.57
13150,31.58
13151,31.59
13152,31.63
13153,31.63
13154,31.64
13155,31.65
13156,31.66
13157,31.66
13158,31.66
13159,31.67
13160,31.67
13161,31.68
13162,31.68
13163,31.68
13164,31.69
13165,31.73
13166,31.73
13167,31.75
13168,31.79
13169,31.80
13170,31.84
13171,31.87
13172,31.87
13173,31.87
13174,31.88
13175,31.89
13176,31.90
13177,31.90
13178,31.90
13179,31.91
13180,31.92
13181,31.93
13182,31.93
13183,31.94
13184,31.94
13185,31.95
13186,31.97
13187,31.97
13188,31.98
13189,31.99
13190,31.99
13191,32.00
13192,32.00
13193,32.01
13194,32.03
13195,32.04
13196,32.04
13197,32.06
13198,32.06
13199,32.10
13200,32.11
13201,32.12
13202,32.14
13203,32.15
13204,32.16
13205,32.16
13206,32.16
13207,32.17
13208,32.17
13209,32.19
13210,32.19
13211,32.22
13212,32.23
13213,32.24
13214,32.24
13215,32.24
13216,32.24
13217,32.24
13218,32.27
13219,32.28
13220,32.29
13221,32.30
13222,32.32
13223,32.33
13224,32.33
13225,32.34
13226,32.34
13227,32.35
13228,32.36
13229,32.37
13230,32.37
13231,32.37
13232,32.37
13233,32.38
13234,32.38
13235,32.38
13236,32.39
13237,32.40
13238,32.43
13239,32.44
13240,32.46
13241,32.46
13242,32.46
13243,32.48
13244,32.52
13245,32.53
13246,32.53
13247,32.54
13248,32.55
13249,32.55
13250,32.55
13251,32.57
13252,32.57
13253,32.57
13254,32.59
13255,32.59
13256,32.59
13257,32.60
13258,32.63
13259,32.63
13260,32.64
13261,32.65
13262,32.65
13263,32.65
13264,32.67
13265,32.68
13266,32.68
13267,32.68
13268,32.71
13269,32.72
13270,32.72
13271,32.73
13272,32.74
13273,32.74
13274,32.77
13275,32.81
13276,32.82
13277,32.83
13278,32.85
13279,32.86
13280,32.87
13281,32.87
13282,32.87
13283,32.88
13284,32.90
13285,32.90
13286,32.91
13287,32.91
13288,32.93
13289,32.94
13290,32.95
13291,32.96
13292,32.98
13293,32.98
13294,32.99
13295,32.99
13296,33.01
13297,33.04
13298,33.08
13299,33.08
13300,33.08
13301,33.09
13302,33.10
13303,33.10
13304,33.11
13305,33.11
13306,33.13
13307,33.13
13308,33.13
13309,33.13
13310,33.14
13311,33.16
13312,33.18
13313,33.19
13314,33.19
13315,33.22
13316,33.22
13317,33.23
13318,33.25
13319,33.26
13320,33.26
13321,33.28
13322,33.30
13323,33.30
13324,33.30
13325,33.30
13326,33.31
13327,33.31
13328,33.32
13329,33.33
13330,33.36
13331,33.36
13332,33.38
13333,33.39
13334,33.39
13335,33.44
13336,33.45
13337,33.45
13338,33.45
13339,33.46
13340,33.46
13341,33.46
13342,33.48
13343,33.51
13344,33.53
13345,33.54
13346,33.54
13347,33.55
13348,33.58
13349,33.59
13350,33.60
13351,33.61
13352,33.61
13353,33.62
13354,33.62
13355,33.63
13356,33.66
13357,33.66
13358,33.66
13359,33.67
13360,33.69
13361,33.70
13362,33.70
13363,33.72
13364,33.72
13365,33.72
13366,33.72
13367,33.73
13368,33.73
13369,33.73
13370,33.73
13371,33.74
13372,33.75
13373,33.76
13374,33.77
13375,33.78
13376,33.80
13377,33.81
13378,33.84
13379,33.84
13380,33.85
13381,33.85
13382,33.86
13383,33.87
13384,33.88
13385,33.90
13386,33.90
13387,33.91
13388,33.92
13389,33.93
13390,33.94
13391,33.95
13392,33.96
13393,33.96
13394,33.97
13395,33.99
13396,33.99
13397,34.00
13398,34.01
13399,34.04
13400,34.05
13401,34.06
13402,34.08
13403,34.09
13404,34.09
13405,34.10
13406,34.10
13407,34.11
13408,34.11
13409,34.12
13410,34.12
13411,34.12
13412,34.16
13413,34.17
13414,34.20
13415,34.20
13416,34.21
13417,34.21
13418,34.23
13419,34.24
13420,34.25
13421,34.25
13422,34.25
13423,34.26
13424,34.26
13425,34.28
13426,34.28
13427,34.30
13428,34.31
13429,34.31
13430,34.32
13431,34.35
13432,34.35
13433,34.37
13434,34.37
13435,34.39
13436,34.40
13437,34.40
13438,34.41
13439,34.42
13440,34.43
13441,34.44
13442,34.44
13443,34.47
13444,34.49
13445,34.50
13446,34.51
13447,34.51
13448,34.52
13449,34.52
13450,34.52
13451,34.53
13452,34.53
13453,34.53
13454,34.55
13455,34.55
13456,34.56
13457,34.57
13458,34.57
13459,34.58
13460,34.58
13461,34.59
13462,34.59
13463,34.60
13464,34.60
13465,34.62
13466,34.63
13467,34.64
13468,34.64
13469,34.65
13470,34.67
13471,34.67
13472,34.68
13473,34.69
13474,34.69
13475,34.70
13476,34.70
13477,34.72
13478,34.72
13479,34.73
13480,34.74
13481,34.75
13482,34.75
13483,34.76
13484,34.76
13485,34.79
13486,34.79
13487,34.79
13488,34.79
13489,34.79
13490,34.79
13491,34.80
13492,34.81
13493,34.81
13494,34.82
13495,34.83
13496,34.84
13497,34.84
13498,34.86
13499,34.90
13500,34.91
13501,34.92
13502,34.93
13503,34.94
13504,34.96
13505,34.96
13506,34.97
13507,34.98
13508,34.98
13509,35.01
13510,35.02
13511,35.03
13512,35.04
13513,35.05
13514,35.05
13515,35.07
13516,35.07
13517,35.08
13518,35.08
13519,35.09
13520,35.12
13521,35.14
13522,35.14
13523,35.16
13524,35.16
13525,35.17
13526,35.19
13527,35.21
13528,35.22
13529,35.23
13530,35.23
13531,35.24
13532,35.25
13533,35.25
13534,35.26
13535,35.26
13536,35.26
13537,35.26
13538,35.28
13539,35.29
13540,35.30
13541,35.30
13542,35.32
13543,35.35
13544,35.36
13545,35.37
13546,35.37
13547,35.41
13548,35.41
13549,35.43
13550,35.45
13551,35.46
13552,35.47
13553,35.48
13554,35.48
13555,35.50
13556,35.51
13557,35.53
13558,35.54
13559,35.56
13560,35.56
13561,35.56
13562,35.58
13563,35.58
13564,35.58
13565,35.59
13566,35.60
13567,35.61
13568,35.63
13569,35.63
13570,35.64
13571,35.65
13572,35.65
13573,35.65
13574,35.66
13575,35.66
13576,35.66
13577,35.66
13578,35.69
13579,35.70
13580,35.70
13581,35.71
13582,35.72
13583,35.73
13584,35.73
13585,35.73
13586,35.74
13587,35.74
13588,35.74
13589,35.75
13590,35.75
13591,35.76
13592,35.78
13593,35.78
13594,35.79
13595,35.82
13596,35.83
13597,35.83
13598,35.87
13599,35.88
13600,35.89
13601,35.89
13602,35.90
13603,35.90
13604,35.91
13605,35.91
13606,35.92
13607,35.95
13608,35.95
13609,35.96
13610,36.00
13611,36.01
13612,36.03
13613,36.04
13614,36.05
13615,36.08
13616,36.09
13617,36.10
13618,36.10
13619,36.11
13620,36.11
13621,36.12
13622,36.12
13623,36.13
13624,36.13
13625,36.14
13626,36.16
13627,36.18
13628,36.20
13629,36.21
13630,36.21
13631,36.22
13632,36.23
13633,36.23
13634,36.24
13635,36.25
13636,36.25
13637,36.25
13638,36.26
13639,36.26
13640,36.27
13641,36.31
13642,36.31
13643,36.33
13644,36.33
13645,36.35
13646,36.35
13647,36.37
13648,36.40
13649,36.40
13650,36.40
13651,36.40
13652,36.40
13653,36.42
13654,36.42
13655,36.43
13656,36.44
13657,36.45
13658,36.47
13659,36.47
13660,36.49
13661,36.50
13662,36.51
13663,36.51
13664,36.52
13665,36.53
13666,36.54
13667,36.54
13668,36.55
13669,36.57
13670,36.58
13671,36.59
13672,36.59
13673,36.61
13674,36.61
13675,36.61
13676,36.65
13677,36.65
13678,36.66
13679,36.66
13680,36.66
13681,36.68
13682,36.70
13683,36.70
13684,36.71
13685,36.71
13686,36.74
13687,36.74
13688,36.76
13689,36.78
13690,36.79
13691,36.80
13692,36.80
13693,36.81
13694,36.84
13695,36.84
13696,36.88
13697,36.88
13698,36.90
13699,36.90
13700,36.91
13701,36.92
13702,36.93
13703,36.94
13704,36.96
13705,36.97
13706,36.97
13707,36.98
13708,36.98
13709,36.98
13710,36.98
13711,36.98
13712,37.00
13713,37.01
13714,37.01
13715,37.04
13716,37.04
13717,37.05
13718,37.08
13719,37.10
13720,37.10
13721,37.14
13722,37.15
13723,37.16
13724,37.16
13725,37.18
13726,37.18
13727,37.19
13728,37.20
13729,37.20
13730,37.24
13731,37.25
13732,37.27
13733,37.28
13734,37.29
13735,37.29
13736,37.29
13737,37.31
13738,37.31
13739,37.31
13740,37.32
13741,37.33
13742,37.34
13743,37.35
13744,37.35
13745,37.35
13746,37.38
13747,37.40
13748,37.42
13749,37.44
13750,37.46
13751,37.47
13752,37.48
13753,37.48
13754,37.49
13755,37.50
13756,37.50
13757,37.51
13758,37.52
13759,37.53
13760,37.53
13761,37.54
13762,37.55
13763,37.56
13764,37.57
13765,37.57
13766,37.58
13767,37.60
13768,37.62
13769,37.62
13770,37.62
13771,37.63
13772,37.63
13773,37.64
13774,37.65
13775,37.67
13776,37.67
13777,37.68
13778,37.68
13779,37.69
13780,37.71
13781,37.71
13782,37.72
13783,37.73
13784,37.73
13785,37.73
13786,37.73
13787,37.74
13788,37.75
13789,37.76
13790,37.76
13791,37.77
13792,37.79
13793,37.80
13794,37.81
13795,37.83
13796,37.84
13797,37.87
13798,37.88
13799,37.88
13800,37.92
13801,37.92
13802,37.93
13803,37.97
13804,37.97
13805,37.99
13806,37.99
13807,37.99
13808,38.00
13809,38.01
13810,38.02
13811,38.03
13812,38.04
13813,38.05
13814,38.05
13815,38.07
13816,38.08
13817,38.08
13818,38.09
13819,38.11
13820,38.11
13821,38.12
13822,38.12
13823,38.13
13824,38.14
13825,38.14
13826,38.15
13827,38.16
13828,38.18
13829,38.22
13830,38.24
13831,38.25
13832,38.26
13833,38.27
13834,38.27
13835,38.29
13836,38.32
13837,38.34
13838,38.35
13839,38.37
13840,38.37
13841,38.38
13842,38.40
13843,38.41
13844,38.42
13845,38.42
13846,38.49
13847,38.51
13848,38.51
13849,38.51
13850,38.52
13851,38.54
13852,38.58
13853,38.61
13854,38.61
13855,38.61
13856,38.62
13857,38.63
13858,38.64
13859,38.66
13860,38.67
13861,38.70
13862,38.70
13863,38.70
13864,38.70
13865,38.71
13866,38.74
13867,38.75
13868,38.76
13869,38.78
13870,38.80
13871,38.85
13872,38.87
13873,38.87
13874,38.87
13875,38.89
13876,38.93
13877,38.93
13878,38.93
13879,38.93
13880,38.94
13881,38.95
13882,38.96
13883,38.97
13884,38.98
13885,38.99
13886,39.01
13887,39.02
13888,39.03
13889,39.03
13890,39.04
13891,39.04
13892,39.05
13893,39.05
13894,39.09
13895,39.09
13896,39.09
13897,39.10
13898,39.10
13899,39.12
13900,39.12
13901,39.12
13902,39.14
13903,39.15
13904,39.16
13905,39.16
13906,39.17
13907,39.18
13908,39.19
13909,39.19
13910,39.19
13911,39.20
13912,39.21
13913,39.22
13914,39.23
13915,39.26
13916,39.26
13917,39.26
13918,39.26
13919,39.28
13920,39.29
13921,39.29
13922,39.29
13923,39.30
13924,39.32
13925,39.33
13926,39.33
13927,39.34
13928,39.34
13929,39.35
13930,39.35
13931,39.36
13932,39.36
13933,39.38
13934,39.40
13935,39.43
13936,39.44
13937,39.46
13938,39.46
13939,39.48
13940,39.48
13941,39.52
13942,39.53
13943,39.54
13944,39.54
13945,39.54
13946,39.54
13947,39.55
13948,39.56
13949,39.56
13950,39.57
13951,39.58
13952,39.60
13953,39.60
13954,39.61
13955,39.61
13956,39.62
13957,39.62
13958,39.63
13959,39.63
13960,39.66
13961,39.67
13962,39.69
13963,39.69
13964,39.69
13965,39.71
13966,39.72
13967,39.75
13968,39.76
13969,39.76
13970,39.76
13971,39.78
13972,39.79
13973,39.80
13974,39.81
13975,39.82
13976,39.82
13977,39.82
13978,39.83
13979,39.83
13980,39.83
13981,39.84
13982,39.85
13983,39.85
13984,39.86
13985,39.87
13986,39.87
13987,39.87
13988,39.89
13989,39.89
13990,39.89
13991,39.90
13992,39.90
13993,39.91
13994,39.94
13995,39.94
13996,39.94
13997,39.94
13998,39.95
13999,39.97
14000,39.98
14001,39.98
14002,39.98
14003,39.98
14004,39.98
14005,40.02
14006,40.04
14007,40.04
14008,40.06
14009,40.08
14010,40.08
14011,40.09
14012,40.09
14013,40.09
14014,40.10
14015,40.11
14016,40.11
14017,40.13
14018,40.14
14019,40.14
14020,40.14
14021,40.15
14022,40.15
14023,40.16
14024,40.17
14025,40.18
14026,40.18
14027,40.21
14028,40.22
14029,40.22
14030,40.23
14031,40.23
14032,40.25
14033,40.26
14034,40.27
14035,40.27
14036,40.28
14037,40.28
14038,40.29
14039,40.29
14040,40.31
14041,40.31
14042,40.32
14043,40.32
14044,40.33
14045,40.33
14046,40.34
14047,40.35
14048,40.36
14049,40.36
14050,40.37
14051,40.37
14052,40.38
14053,40.40
14054,40.40
14055,40.41
14056,40.42
14057,40.43
14058,40.44
14059,40.45
14060,40.45
14061,40.45
14062,40.46
14063,40.48
14064,40.49
14065,40.49
14066,40.51
14067,40.52
14068,40.52
14069,40.52
14070,40.53
14071,40.56
14072,40.58
14073,40.58
14074,40.59
14075,40.60
14076,40.66
14077,40.66
14078,40.68
14079,40.71
14080,40.72
14081,40.73
14082,40.73
14083,40.73
14084,40.74
14085,40.74
14086,40.75
14087,40.75
14088,40.76
14089,40.76
14090,40.77
14091,40.77
14092,40.77
14093,40.77
14094,40.77
14095,40.77
14096,40.78
14097,40.78
14098,40.80
14099,40.80
14100,40.81
14101,40.81
14102,40.81
14103,40.82
14104,40.83
14105,40.84
14106,40.84
14107,40.84
14108,40.84
14109,40.85
14110,40.86
14111,40.86
14112,40.87
14113,40.87
14114,40.87
14115,40.90
14116,40.90
14117,40.90
14118,40.92
14119,40.93
14120,40.93
14121,40.94
14122,40.94
14123,40.95
14124,40.96
14125,40.99
14126,40.99
14127,41.01
14128,41.01
14129,41.04
14130,41.04
14131,41.05
14132,41.05
14133,41.05
14134,41.05
14135,41.05
14136,41.05
14137,41.10
14138,41.10
14139,41.10
14140,41.13
14141,41.15
14142,41.15
14143,41.15
14144,41.15
14145,41.15
14146,41.16
14147,41.17
14148,41.20
14149,41.20
14150,41.21
14151,41.21
14152,41.22
14153,41.23
14154,41.24
14155,41.28
14156,41.30
14157,41.30
14158,41.31
14159,41.31
14160,41.32
14161,41.32
14162,41.33
14163,41.33
14164,41.34
14165,41.35
14166,41.36
14167,41.37
14168,41.40
14169,41.41
14170,41.41
14171,41.41
14172,41.43
14173,41.43
14174,41.45
14175,41.46
14176,41.46
14177,41.46
14178,41.48
14179,41.49
14180,41.51
14181,41.51
14182,41.52
14183,41.54
14184,41.56
14185,41.56
14186,41.56
14187,41.57
14188,41.57
14189,41.59
14190,41.59
14191,41.59
14192,41.59
14193,41.61
14194,41.63
14195,41.65
14196,41.66
14197,41.68
14198,41.70
14199,41.72
14200,41.72
14201,41.72
14202,41.73
14203,41.76
14204,41.76
14205,41.77
14206,41.78
14207,41.79
14208,41.80
14209,41.81
14210,41.82
14211,41.83
14212,41.84
14213,41.88
14214,41.88
14215,41.88
14216,41.89
14217,41.89
14218,41.89
14219,41.91
14220,41.91
14221,41.93
14222,41.93
14223,41.94
14224,41.95
14225,41.96
14226,41.96
14227,41.97
14228,41.98
14229,42.00
14230,42.01
14231,42.02
14232,42.03
14233,42.08
14234,42.09
14235,42.09
14236,42.12
14237,42.13
14238,42.15
14239,42.18
14240,42.18
14241,42.19
14242,42.19
14243,42.20
14244,42.21
14245,42.21
14246,42.23
14247,42.23
14248,42.25
14249,42.25
14250,42.25
14251,42.29
14252,42.31
14253,42.32
14254,42.34
14255,42.36
14256,42.36
14257,42.37
14258,42.37
14259,42.38
14260,42.39
14261,42.39
14262,42.41
14263,42.41
14264,42.41
14265,42.43
14266,42.43
14267,42.43
14268,42.44
14269,42.44
14270,42.44
14271,42.46
14272,42.47
14273,42.50
14274,42.50
14275,42.52
14276,42.53
14277,42.54
14278,42.57
14279,42.57
14280,42.58
14281,42.59
14282,42.59
14283,42.60
14284,42.60
14285,42.61
14286,42.63
14287,42.63
14288,42.66
14289,42.66
14290,42.67
14291,42.67
14292,42.69
14293,42.71
14294,42.71
14295,42.71
14296,42.72
14297,42.72
14298,42.72
14299,42.73
14300,42.73
14301,42.73
14302,42.73
14303,42.76
14304,42.77
14305,42.77
14306,42.78
14307,42.79
14308,42.82
14309,42.83
14310,42.84
14311,42.84
14312,42.84
14313,42.85
14314,42.86
14315,42.86
14316,42.90
14317,42.93
14318,42.94
14319,42.94
14320,42.98
14321,42.98
14322,42.99
14323,42.99
14324,42.99
14325,42.99
14326,43.00
14327,43.00
14328,43.01
14329,43.03
14330,43.03
14331,43.04
14332,43.06
14333,43.06
14334,43.09
14335,43.09
14336,43.10
14337,43.10
14338,43.11
14339,43.11
14340,43.11
14341,43.12
14342,43.12
14343,43.16
14344,43.16
14345,43.19
14346,43.22
14347,43.25
14348,43.28
14349,43.29
14350,43.31
14351,43.31
14352,43.32
14353,43.32
14354,43.32
14355,43.33
14356,43.34
14357,43.35
14358,43.36
14359,43.38
14360,43.39
14361,43.40
14362,43.41
14363,43.41
14364,43.44
14365,43.45
14366,43.45
14367,43.45
14368,43.46
14369,43.46
14370,43.47
14371,43.48
14372,43.48
14373,43.48
14374,43.53
14375,43.54
14376,43.54
14377,43.57
14378,43.58
14379,43.60
14380,43.62
14381,43.64
14382,43.64
14383,43.65
14384,43.65
14385,43.66
14386,43.66
14387,43.68
14388,43.69
14389,43.70
14390,43.70
14391,43.74
14392,43.75
14393,43.76
14394,43.77
14395,43.77
14396,43.79
14397,43.79
14398,43.81
14399,43.81
14400,43.82
14401,43.83
14402,43.83
14403,43.85
14404,43.85
14405,43.86
14406,43.88
14407,43.90
14408,43.90
14409,43.92
14410,43.92
14411,43.94
14412,43.94
14413,43.94
14414,43.94
14415,43.97
14416,43.99
14417,44.00
14418,44.01
14419,44.01
14420,44.02
14421,44.03
14422,44.04
14423,44.05
14424,44.06
14425,44.07
14426,44.09
14427,44.11
14428,44.12
14429,44.13
14430,44.15
14431,44.15
14432,44.17
14433,44.17
14434,44.18
14435,44.18
14436,44.20
14437,44.21
14438,44.22
14439,44.24
14440,44.26
14441,44.26
14442,44.27
14443,44.27
14444,44.28
14445,44.29
14446,44.29
14447,44.30
14448,44.31
14449,44.31
14450,44.32
14451,44.34
14452,44.35
14453,44.36
14454,44.37
14455,44.39
14456,44.39
14457,44.40
14458,44.41
14459,44.42
14460,44.43
14461,44.44
14462,44.45
14463,44.45
14464,44.46
14465,44.46
14466,44.46
14467,44.46
14468,44.47
14469,44.48
14470,44.50
14471,44.50
14472,44.52
14473,44.54
14474,44.55
14475,44.55
14476,44.55
14477,44.56
14478,44.57
14479,44.57
14480,44.57
14481,44.57
14482,44.58
14483,44.58
14484,44.60
14485,44.60
14486,44.61
14487,44.62
14488,44.63
14489,44.63
14490,44.63
14491,44.63
14492,44.64
14493,44.64
14494,44.65
14495,44.65
14496,44.65
14497,44.66
14498,44.71
14499,44.71
14500,44.71
14501,44.73
14502,44.74
14503,44.74
14504,44.75
14505,44.76
14506,44.76
14507,44.76
14508,44.78
14509,44.78
14510,44.79
14511,44.79
14512,44.82
14513,44.83
14514,44.83
14515,44.83
14516,44.85
14517,44.85
14518,44.87
14519,44.87
14520,44.88
14521,44.88
14522,44.89
14523,44.90
14524,44.90
14525,44.90
14526,44.94
14527,44.95
14528,44.97
14529,45.00
14530,45.02
14531,45.03
14532,45.05
14533,45.06
14534,45.07
14535,45.10
14536,45.10
14537,45.11
14538,45.16
14539,45.17
14540,45.18
14541,45.18
14542,45.19
14543,45.19
14544,45.19
14545,45.20
14546,45.20
14547,45.21
14548,45.22
14549,45.27
14550,45.28
14551,45.28
14552,45.30
14553,45.30
14554,45.30
14555,45.33
14556,45.33
14557,45.34
14558,45.34
14559,45.36
14560,45.36
14561,45.39
14562,45.45
14563,45.47
14564,45.48
14565,45.50
14566,45.50
14567,45.51
14568,45.56
14569,45.57
14570,45.57
14571,45.57
14572,45.60
14573,45.60
14574,45.61
14575,45.61
14576,45.62
14577,45.63
14578,45.63
14579,45.63
14580,45.64
14581,45.67
14582,45.68
14583,45.71
14584,45.72
14585,45.72
14586,45.72
14587,45.73
14588,45.73
14589,45.73
14590,45.73
14591,45.77
14592,45.77
14593,45.78
14594,45.78
14595,45.81
14596,45.81
14597,45.82
14598,45.83
14599,45.83
14600,45.84
14601,45.86
14602,45.88
14603,45.88
14604,45.90
14605,45.92
14606,45.93
14607,45.94
14608,45.95
14609,45.95
14610,45.97
14611,45.97
14612,45.98
14613,45.99
14614,46.02
14615,46.02
14616,46.03
14617,46.04
14618,46.07
14619,46.07
14620,46.07
14621,46.08
14622,46.08
14623,46.10
14624,46.10
14625,46.10
14626,46.11
14627,46.11
14628,46.12
14629,46.13
14630,46.15
14631,46.16
14632,46.19
14633,46.19
14634,46.19
14635,46.20
14636,46.20
14637,46.22
14638,46.22
14639,46.22
14640,46.25
14641,46.30
14642,46.31
14643,46.31
14644,46.33
14645,46.33
14646,46.33
14647,46.33
14648,46.35
14649,46.35
14650,46.36
14651,46.36
14652,46.37
14653,46.38
14654,46.41
14655,46.42
14656,46.43
14657,46.44
14658,46.46
14659,46.48
14660,46.50
14661,46.50
14662,46.51
14663,46.53
14664,46.53
14665,46.53
14666,46.55
14667,46.55
14668,46.56
14669,46.59
14670,46.60
14671,46.62
14672,46.62
14673,46.63
14674,46.63
14675,46.64
14676,46.64
14677,46.65
14678,46.66
14679,46.66
14680,46.66
14681,46.67
14682,46.68
14683,46.70
14684,46.70
14685,46.70
14686,46.72
14687,46.73
14688,46.73
14689,46.73
14690,46.75
14691,46.75
14692,46.76
14693,46.77
14694,46.78
14695,46.79
14696,46.80
14697,46.80
14698,46.83
14699,46.87
14700,46.87
14701,46.89
14702,46.89
14703,46.90
14704,46.90
14705,46.91
14706,46.91
14707,46.92
14708,46.93
14709,46.94
14710,46.94
14711,46.95
14712,46.97
14713,46.98
14714,46.98
14715,46.99
14716,47.00
14717,47.01
14718,47.02
14719,47.02
14720,47.02
14721,47.03
14722,47.03
14723,47.03
14724,47.04
14725,47.06
14726,47.08
14727,47.08
14728,47.09
14729,47.11
14730,47.11
14731,47.11
14732,47.12
14733,47.13
14734,47.13
14735,47.14
14736,47.14
14737,47.20
14738,47.23
14739,47.26
14740,47.28
14741,47.31
14742,47.34
14743,47.36
14744,47.36
14745,47.37
14746,47.37
14747,47.38
14748,47.39
14749,47.39
14750,47.40
14751,47.41
14752,47.42
14753,47.42
14754,47.42
14755,47.43
14756,47.43
14757,47.43
14758,47.43
14759,47.44
14760,47.45
14761,47.45
14762,47.46
14763,47.46
14764,47.49
14765,47.49
14766,47.50
14767,47.50
14768,47.51
14769,47.52
14770,47.53
14771,47.55
14772,47.55
14773,47.55
14774,47.56
14775,47.57
14776,47.58
14777,47.59
14778,47.60
14779,47.60
14780,47.61
14781,47.62
14782,47.63
14783,47.64
14784,47.66
14785,47.69
14786,47.70
14787,47.70
14788,47.72
14789,47.75
14790,47.76
14791,47.76
14792,47.76
14793,47.77
14794,47.77
14795,47.77
14796,47.84
14797,47.87
14798,47.87
14799,47.88
14800,47.89
14801,47.90
14802,47.92
14803,47.93
14804,47.94
14805,47.95
14806,47.97
14807,47.97
14808,47.97
14809,47.97
14810,47.97
14811,47.99
14812,47.99
14813,47.99
14814,48.00
14815,48.00
14816,48.02
14817,48.04
14818,48.05
14819,48.05
14820,48.06
14821,48.06
14822,48.06
14823,48.06
14824,48.07
14825,48.09
14826,48.09
14827,48.10
14828,48.11
14829,48.11
14830,48.12
14831,48.13
14832,48.13
14833,48.14
14834,48.14
14835,48.14
14836,48.15
14837,48.16
14838,48.16
14839,48.16
14840,48.16
14841,48.18
14842,48.19
14843,48.19
14844,48.19
14845,48.19
14846,48.19
14847,48.20
14848,48.21
14849,48.22
14850,48.26
14851,48.26
14852,48.26
14853,48.30
14854,48.30
14855,48.31
14856,48.33
14857,48.33
14858,48.33
14859,48.34
14860,48.35
14861,48.35
14862,48.36
14863,48.37
14864,48.37
14865,48.38
14866,48.39
14867,48.39
14868,48.39
14869,48.40
14870,48.40
14871,48.42
14872,48.43
14873,48.44
14874,48.44
14875,48.45
14876,48.46
14877,48.46
14878,48.46
14879,48.47
14880,48.47
14881,48.49
14882,48.50
14883,48.51
14884,48.51
14885,48.52
14886,48.56
14887,48.57
14888,48.57
14889,48.58
14890,48.58
14891,48.58
14892,48.59
14893,48.60
14894,48.66
14895,48.68
14896,48.69
14897,48.70
14898,48.70
14899,48.73
14900,48.74
14901,48.74
14902,48.74
14903,48.77
14904,48.77
14905,48.77
14906,48.81
14907,48.82
14908,48.83
14909,48.84
14910,48.85
14911,48.86
14912,48.86
14913,48.87
14914,48.87
14915,48.88
14916,48.88
14917,48.91
14918,48.92
14919,48.93
14920,48.93
14921,48.93
14922,48.94
14923,48.95
14924,48.95
14925,48.96
14926,48.96
14927,48.98
14928,49.00
14929,49.01
14930,49.01
14931,49.03
14932,49.03
14933,49.03
14934,49.03
14935,49.03
14936,49.05
14937,49.06
14938,49.10
14939,49.11
14940,49.16
14941,49.17
14942,49.18
14943,49.18
14944,49.18
14945,49.20
14946,49.20
14947,49.22
14948,49.22
14949,49.25
14950,49.26
14951,49.28
14952,49.29
14953,49.29
14954,49.29
14955,49.30
14956,49.30
14957,49.30
14958,49.30
14959,49.33
14960,49.34
14961,49.35
14962,49.36
14963,49.36
14964,49.38
14965,49.39
14966,49.40
14967,49.41
14968,49.41
14969,49.41
14970,49.41
14971,49.42
14972,49.42
14973,49.43
14974,49.43
14975,49.49
14976,49.49
14977,49.52
14978,49.52
14979,49.52
14980,49.54
14981,49.55
14982,49.55
14983,49.55
14984,49.56
14985,49.56
14986,49.57
14987,49.58
14988,49.58
14989,49.59
14990,49.60
14991,49.64
14992,49.64
14993,49.64
14994,49.65
14995,49.66
14996,49.67
14997,49.67
14998,49.67
14999,49.68
15000,49.70
15001,49.70
15002,49.70
15003,49.72
15004,49.72
15005,49.73
15006,49.73
15007,49.74
15008,49.75
15009,49.81
15010,49.85
15011,49.85
15012,49.85
15013,49.87
15014,49.87
15015,49.88
15016,49.88
15017,49.88
15018,49.89
15019,49.89
15020,49.92
15021,49.94
15022,49.95
15023,49.97
15024,49.98
15025,49.99
15026,50.00
15027,50.01
15028,50.01
15029,50.04
15030,50.04
15031,50.05
15032,50.05
15033,50.08
15034,50.09
15035,50.10
15036,50.11
15037,50.11
15038,50.12
15039,50.13
15040,50.15
15041,50.15
15042,50.17
15043,50.18
15044,50.19
15045,50.19
15046,50.19
15047,50.20
15048,50.20
15049,50.21
15050,50.22
15051,50.22
15052,50.22
15053,50.22
15054,50.24
15055,50.25
15056,50.25
15057,50.26
15058,50.27
15059,50.27
15060,50.28
15061,50.28
15062,50.28
15063,50.29
15064,50.30
15065,50.31
15066,50.32
15067,50.36
15068,50.36
15069,50.40
15070,50.40
15071,50.42
15072,50.42
15073,50.44
15074,50.44
15075,50.45
15076,50.46
15077,50.47
15078,50.47
15079,50.47
15080,50.48
15081,50.52
15082,50.52
15083,50.55
15084,50.57
15085,50.58
15086,50.59
15087,50.59
15088,50.62
15089,50.62
15090,50.63
15091,50.64
15092,50.65
15093,50.66
15094,50.66
15095,50.67
15096,50.67
15097,50.67
15098,50.68
15099,50.72
15100,50.72
15101,50.73
15102,50.75
15103,50.75
15104,50.76
15105,50.77
15106,50.80
15107,50.80
15108,50.83
15109,50.83
15110,50.85
15111,50.85
15112,50.85
15113,50.86
15114,50.86
15115,50.87
15116,50.87
15117,50.88
15118,50.91
15119,50.93
15120,50.95
15121,50.97
15122,50.97
15123,50.97
15124,50.98
15125,50.98
15126,50.99
15127,51.00
15128,51.01
15129,51.01
15130,51.02
15131,51.03
15132,51.03
15133,51.06
15134,51.06
15135,51.07
15136,51.08
15137,51.09
15138,51.10
15139,51.11
15140,51.12
15141,51.13
15142,51.14
15143,51.17
15144,51.18
15145,51.21
15146,51.23
15147,51.23
15148,51.24
15149,51.24
15150,51.26
15151,51.27
15152,51.28
15153,51.28
15154,51.29
15155,51.30
15156,51.30
15157,51.30
15158,51.30
15159,51.33
15160,51.33
15161,51.34
15162,51.35
15163,51.35
15164,51.36
15165,51.37
15166,51.38
15167,51.38
15168,51.40
15169,51.40
15170,51.40
15171,51.41
15172,51.43
15173,51.46
15174,51.47
15175,51.49
15176,51.50
15177,51.52
15178,51.54
15179,51.54
15180,51.55
15181,51.55
15182,51.57
15183,51.57
15184,51.58
15185,51.60
15186,51.60
15187,51.61
15188,51.62
15189,51.62
15190,51.62
15191,51.62
15192,51.62
15193,51.65
15194,51.69
15195,51.70
15196,51.71
15197,51.72
15198,51.72
15199,51.73
15200,51.73
15201,51.75
15202,51.75
15203,51.77
15204,51.79
15205,51.79
15206,51.81
15207,51.83
15208,51.83
15209,51.85
15210,51.85
15211,51.86
15212,51.86
15213,51.86
15214,51.87
15215,51.87
15216,51.87
15217,51.90
15218,51.93
15219,51.93
15220,51.94
15221,51.95
15222,51.96
15223,51.98
15224,51.98
15225,52.00
15226,52.00
15227,52.01
15228,52.02
15229,52.03
15230,52.04
15231,52.07
15232,52.07
15233,52.07
15234,52.08
15235,52.08
15236,52.08
15237,52.10
15238,52.11
15239,52.11
15240,52.12
15241,52.13
15242,52.16
15243,52.16
15244,52.16
15245,52.16
15246,52.18
15247,52.19
15248,52.20
15249,52.24
15250,52.24
15251,52.28
15252,52.28
15253,52.34
15254,52.35
15255,52.36
15256,52.37
15257,52.37
15258,52.38
15259,52.39
15260,52.40
15261,52.48
15262,52.48
15263,52.49
15264,52.49
15265,52.50
15266,52.50
15267,52.51
15268,52.52
15269,52.52
15270,52.55
15271,52.55
15272,52.56
15273,52.56
15274,52.57
15275,52.58
15276,52.62
15277,52.63
15278,52.65
15279,52.69
15280,52.69
15281,52.71
15282,52.75
15283,52.77
15284,52.78
15285,52.78
15286,52.80
15287,52.82
15288,52.84
15289,52.84
15290,52.86
15291,52.87
15292,52.87
15293,52.89
15294,52.90
15295,52.90
15296,52.91
15297,52.91
15298,52.92
15299,52.93
15300,52.93
15301,52.94
15302,52.95
15303,52.96
15304,52.97
15305,52.99
15306,52.99
15307,53.00
15308,53.02
15309,53.02
15310,53.03
15311,53.03
15312,53.03
15313,53.04
15314,53.05
15315,53.06
15316,53.06
15317,53.07
15318,53.09
15319,53.10
15320,53.12
15321,53.12
15322,53.13
15323,53.16
15324,53.18
15325,53.20
15326,53.22
15327,53.26
15328,53.28
15329,53.28
15330,53.29
15331,53.31
15332,53.33
15333,53.35
15334,53.35
15335,53.35
15336,53.35
15337,53.35
15338,53.36
15339,53.36
15340,53.39
15341,53.40
15342,53.40
15343,53.40
15344,53.42
15345,53.42
15346,53.44
15347,53.45
15348,53.48
15349,53.49
15350,53.49
15351,53.49
15352,53.50
15353,53.51
15354,53.52
15355,53.53
15356,53.54
15357,53.59
15358,53.59
15359,53.61
15360,53.64
15361,53.65
15362,53.65
15363,53.66
15364,53.66
15365,53.67
15366,53.68
15367,53.68
15368,53.69
15369,53.69
15370,53.69
15371,53.70
15372,53.71
15373,53.73
15374,53.73
15375,53.74
15376,53.74
15377,53.75
15378,53.76
15379,53.78
15380,53.79
15381,53.79
15382,53.82
15383,53.83
15384,53.83
15385,53.83
15386,53.84
15387,53.87
15388,53.88
15389,53.90
15390,53.91
15391,53.92
15392,53.93
15393,53.93
15394,53.95
15395,53.96
15396,53.98
15397,53.98
15398,53.98
15399,53.99
15400,53.99
15401,54.00
15402,54.02
15403,54.06
15404,54.06
15405,54.09
15406,54.10
15407,54.11
15408,54.11
15409,54.14
15410,54.14
15411,54.17
15412,54.17
15413,54.18
15414,54.19
15415,54.21
15416,54.21
15417,54.23
15418,54.24
15419,54.25
15420,54.26
15421,54.26
15422,54.27
15423,54.29
15424,54.29
15425,54.30
15426,54.30
15427,54.32
15428,54.32
15429,54.32
15430,54.34
15431,54.34
15432,54.35
15433,54.39
15434,54.40
15435,54.40
15436,54.42
15437,54.44
15438,54.45
15439,54.48
15440,54.48
15441,54.49
15442,54.50
15443,54.50
15444,54.53
15445,54.53
15446,54.54
15447,54.54
15448,54.54
15449,54.55
15450,54.55
15451,54.55
15452,54.57
15453,54.59
15454,54.60
15455,54.60
15456,54.63
15457,54.63
15458,54.67
15459,54.67
15460,54.69
15461,54.70
15462,54.70
15463,54.71
15464,54.72
15465,54.72
15466,54.73
15467,54.73
15468,54.73
15469,54.74
15470,54.75
15471,54.75
15472,54.76
15473,54.76
15474,54.77
15475,54.80
15476,54.81
15477,54.82
15478,54.82
15479,54.83
15480,54.83
15481,54.83
15482,54.84
15483,54.85
15484,54.86
15485,54.86
15486,54.87
15487,54.87
15488,54.88
15489,54.88
15490,54.89
15491,54.89
15492,54.90
15493,54.92
15494,54.92
15495,54.94
15496,54.95
15497,54.95
15498,54.95
15499,54.95
15500,54.96
15501,54.96
15502,54.97
15503,54.97
15504,54.98
15505,54.99
15506,54.99
15507,55.01
15508,55.03
15509,55.04
15510,55.04
15511,55.05
15512,55.05
15513,55.05
15514,55.06
15515,55.06
15516,55.06
15517,55.07
15518,55.08
15519,55.10
15520,55.12
15521,55.12
15522,55.13
15523,55.15
15524,55.16
15525,55.17
15526,55.17
15527,55.19
15528,55.20
15529,55.21
15530,55.21
15531,55.22
15532,55.23
15533,55.24
15534,55.24
15535,55.27
15536,55.27
15537,55.27
15538,55.28
15539,55.28
15540,55.30
15541,55.33
15542,55.35
15543,55.36
15544,55.40
15545,55.40
15546,55.42
15547,55.42
15548,55.43
15549,55.44
15550,55.46
15551,55.46
15552,55.47
15553,55.47
15554,55.48
15555,55.50
15556,55.51
15557,55.52
15558,55.52
15559,55.52
15560,55.54
15561,55.55
15562,55.55
15563,55.55
15564,55.56
15565,55.56
15566,55.57
15567,55.57
15568,55.59
15569,55.60
15570,55.60
15571,55.60
15572,55.61
15573,55.63
15574,55.64
15575,55.66
15576,55.66
15577,55.66
15578,55.67
15579,55.68
15580,55.68
15581,55.68
15582,55.69
15583,55.69
15584,55.69
15585,55.69
15586,55.72
15587,55.73
15588,55.75
15589,55.76
15590,55.76
15591,55.78
15592,55.80
15593,55.80
15594,55.81
15595,55.81
15596,55.82
15597,55.82
15598,55.82
15599,55.83
15600,55.85
15601,55.88
15602,55.88
15603,55.91
15604,55.91
15605,55.91
15606,55.93
15607,55.94
15608,55.94
15609,55.95
15610,55.98
15611,55.99
15612,56.00
15613,56.01
15614,56.04
15615,56.06
15616,56.07
15617,56.09
15618,56.09
15619,56.09
15620,56.09
15621,56.09
15622,56.10
15623,56.11
15624,56.13
15625,56.13
15626,56.14
15627,56.15
15628,56.16
15629,56.16
15630,56.20
15631,56.20
15632,56.21
15633,56.22
15634,56.25
15635,56.26
15636,56.26
15637,56.28
15638,56.29
15639,56.32
15640,56.33
15641,56.33
15642,56.34
15643,56.34
15644,56.34
15645,56.34
15646,56.35
15647,56.35
15648,56.36
15649,56.37
15650,56.38
15651,56.38
15652,56.43
15653,56.43
15654,56.44
15655,56.45
15656,56.46
15657,56.48
15658,56.49
15659,56.52
15660,56.55
15661,56.56
15662,56.56
15663,56.58
15664,56.59
15665,56.59
15666,56.59
15667,56.61
15668,56.61
15669,56.64
15670,56.66
15671,56.66
15672,56.67
15673,56.69
15674,56.70
15675,56.72
15676,56.73
15677,56.76
15678,56.76
15679,56.76
15680,56.78
15681,56.79
15682,56.79
15683,56.79
15684,56.80
15685,56.80
15686,56.82
15687,56.82
15688,56.82
15689,56.85
15690,56.86
15691,56.87
15692,56.88
15693,56.88
15694,56.90
15695,56.90
15696,56.92
15697,56.92
15698,56.93
15699,56.94
15700,56.94
15701,56.94
15702,56.96
15703,56.96
15704,56.96
15705,56.97
15706,56.97
15707,56.97
15708,56.99
15709,56.99
15710,57.00
15711,57.01
15712,57.01
15713,57.01
15714,57.02
15715,57.04
15716,57.05
15717,57.05
15718,57.06
15719,57.07
15720,57.09
15721,57.09
15722,57.10
15723,57.13
15724,57.15
15725,57.15
15726,57.18
15727,57.19
15728,57.20
15729,57.20
15730,57.21
15731,57.26
15732,57.27
15733,57.27
15734,57.27
15735,57.27
15736,57.27
15737,57.27
15738,57.28
15739,57.30
15740,57.32
15741,57.33
15742,57.33
15743,57.36
15744,57.36
15745,57.37
15746,57.41
15747,57.42
15748,57.43
15749,57.44
15750,57.45
15751,57.48
15752,57.49
15753,57.50
15754,57.50
15755,57.50
15756,57.50
15757,57.51
15758,57.53
15759,57.53
15760,57.54
15761,57.55
15762,57.56
15763,57.56
15764,57.56
15765,57.57
15766,57.60
15767,57.60
15768,57.61
15769,57.61
15770,57.62
15771,57.62
15772,57.64
15773,57.65
15774,57.65
15775,57.65
15776,57.65
15777,57.67
15778,57.68
15779,57.69
15780,57.72
15781,57.73
15782,57.74
15783,57.74
15784,57.75
15785,57.75
15786,57.77
15787,57.79
15788,57.80
15789,57.82
15790,57.85
15791,57.85
15792,57.86
15793,57.86
15794,57.86
15795,57.86
15796,57.88
15797,57.88
15798,57.89
15799,57.89
15800,57.91
15801,57.91
15802,57.91
15803,57.92
15804,57.93
15805,57.96
15806,57.97
15807,57.98
15808,57.98
15809,57.99
15810,58.02
15811,58.02
15812,58.04
15813,58.04
15814,58.04
15815,58.05
15816,58.08
15817,58.08
15818,58.09
15819,58.09
15820,58.11
15821,58.12
15822,58.12
15823,58.13
15824,58.15
15825,58.16
15826,58.18
15827,58.18
15828,58.18
15829,58.19
15830,58.19
15831,58.20
15832,58.20
15833,58.20
15834,58.21
15835,58.21
15836,58.23
15837,58.23
15838,58.23
15839,58.23
15840,58.24
15841,58.27
15842,58.27
15843,58.27
15844,58.28
15845,58.29
15846,58.31
15847,58.31
15848,58.32
15849,58.33
15850,58.34
15851,58.34
15852,58.35
15853,58.35
15854,58.35
15855,58.37
15856,58.38
15857,58.39
15858,58.39
15859,58.42
15860,58.43
15861,58.44
15862,58.45
15863,58.45
15864,58.46
15865,58.47
15866,58.47
15867,58.47
15868,58.48
15869,58.48
15870,58.48
15871,58.49
15872,58.51
15873,58.53
15874,58.55
15875,58.55
15876,58.57
15877,58.57
15878,58.58
15879,58.58
15880,58.60
15881,58.60
15882,58.60
15883,58.61
15884,58.62
15885,58.64
15886,58.64
15887,58.67
15888,58.71
15889,58.71
15890,58.73
15891,58.73
15892,58.73
15893,58.76
15894,58.77
15895,58.77
15896,58.79
15897,58.80
15898,58.81
15899,58.81
15900,58.82
15901,58.84
15902,58.86
15903,58.87
15904,58.88
15905,58.89
15906,58.90
15907,58.91
15908,58.92
15909,58.92
15910,58.92
15911,58.94
15912,58.95
15913,58.98
15914,58.98
15915,58.99
15916,58.99
15917,59.00
15918,59.00
15919,59.00
15920,59.01
15921,59.01
15922,59.02
15923,59.03
15924,59.03
15925,59.04
15926,59.06
15927,59.06
15928,59.07
15929,59.07
15930,59.07
15931,59.08
15932,59.08
15933,59.10
15934,59.10
15935,59.10
15936,59.11
15937,59.12
15938,59.15
15939,59.15
15940,59.15
15941,59.16
15942,59.18
15943,59.18
15944,59.18
15945,59.19
15946,59.19
15947,59.20
15948,59.22
15949,59.24
15950,59.27
15951,59.27
15952,59.28
15953,59.29
15954,59.29
15955,59.32
15956,59.34
15957,59.35
15958,59.37
15959,59.39
15960,59.40
15961,59.40
15962,59.42
15963,59.46
15964,59.46
15965,59.47
15966,59.48
15967,59.48
15968,59.50
15969,59.51
15970,59.51
15971,59.51
15972,59.53
15973,59.55
15974,59.55
15975,59.55
15976,59.55
15977,59.57
15978,59.58
15979,59.58
15980,59.58
15981,59.59
15982,59.61
15983,59.62
15984,59.62
15985,59.62
15986,59.65
15987,59.66
15988,59.68
15989,59.68
15990,59.69
15991,59.71
15992,59.73
15993,59.74
15994,59.75
15995,59.76
15996,59.77
15997,59.79
15998,59.79
15999,59.81
16000,59.82
16001,59.82
16002,59.84
16003,59.85
16004,59.85
16005,59.85
16006,59.87
16007,59.87
16008,59.88
16009,59.91
16010,59.91
16011,59.92
16012,59.93
16013,59.94
16014,59.97
16015,59.97
16016,59.99
16017,60.01
16018,60.04
16019,60.05
16020,60.07
16021,60.08
16022,60.08
16023,60.10
16024,60.11
16025,60.11
16026,60.14
16027,60.14
16028,60.14
16029,60.15
16030,60.18
16031,60.18
16032,60.18
16033,60.19
16034,60.23
16035,60.25
16036,60.25
16037,60.25
16038,60.26
16039,60.27
16040,60.28
16041,60.28
16042,60.30
16043,60.32
16044,60.34
16045,60.34
16046,60.35
16047,60.35
16048,60.37
16049,60.38
16050,60.39
16051,60.40
16052,60.41
16053,60.41
16054,60.41
16055,60.42
16056,60.43
16057,60.44
16058,60.44
16059,60.45
16060,60.45
16061,60.47
16062,60.47
16063,60.47
16064,60.49
16065,60.50
16066,60.51
16067,60.51
16068,60.52
16069,60.53
16070,60.54
16071,60.55
16072,60.56
16073,60.56
16074,60.61
16075,60.61
16076,60.64
16077,60.64
16078,60.65
16079,60.65
16080,60.66
16081,60.66
16082,60.67
16083,60.68
16084,60.68
16085,60.68
16086,60.69
16087,60.71
16088,60.71
16089,60.74
16090,60.74
16091,60.77
16092,60.78
16093,60.78
16094,60.79
16095,60.81
16096,60.84
16097,60.85
16098,60.85
16099,60.86
16100,60.88
16101,60.89
16102,60.89
16103,60.90
16104,60.91
16105,60.92
16106,60.92
16107,60.92
16108,60.92
16109,60.95
16110,60.98
16111,61.02
16112,61.02
16113,61.03
16114,61.04
16115,61.04
16116,61.04
16117,61.08
16118,61.09
16119,61.09
16120,61.09
16121,61.10
16122,61.13
16123,61.13
16124,61.16
16125,61.23
16126,61.24
16127,61.25
16128,61.26
16129,61.26
16130,61.27
16131,61.29
16132,61.29
16133,61.29
16134,61.30
16135,61.30
16136,61.30
16137,61.30
16138,61.34
16139,61.34
16140,61.35
16141,61.35
16142,61.36
16143,61.36
16144,61.36
16145,61.38
16146,61.40
16147,61.40
16148,61.40
16149,61.41
16150,61.43
16151,61.43
16152,61.47
16153,61.54
16154,61.55
16155,61.55
16156,61.56
16157,61.58
16158,61.60
16159,61.63
16160,61.67
16161,61.67
16162,61.68
16163,61.68
16164,61.71
16165,61.72
16166,61.73
16167,61.73
16168,61.75
16169,61.76
16170,61.78
16171,61.80
16172,61.82
16173,61.82
16174,61.83
16175,61.83
16176,61.84
16177,61.84
16178,61.84
16179,61.85
16180,61.88
16181,61.88
16182,61.88
16183,61.89
16184,61.90
16185,61.90
16186,61.90
16187,61.93
16188,61.96
16189,61.97
16190,61.97
16191,61.98
16192,61.98
16193,62.00
16194,62.03
16195,62.04
16196,62.04
16197,62.05
16198,62.05
16199,62.06
16200,62.06
16201,62.06
16202,62.07
16203,62.07
16204,62.08
16205,62.09
16206,62.10
16207,62.11
16208,62.13
16209,62.14
16210,62.16
16211,62.17
16212,62.19
16213,62.19
16214,62.19
16215,62.21
16216,62.21
16217,62.25
16218,62.25
16219,62.25
16220,62.26
16221,62.26
16222,62.29
16223,62.29
16224,62.30
16225,62.31
16226,62.32
16227,62.32
16228,62.32
16229,62.36
16230,62.37
16231,62.40
16232,62.40
16233,62.41
16234,62.41
16235,62.42
16236,62.43
16237,62.43
16238,62.44
16239,62.44
16240,62.44
16241,62.44
16242,62.45
16243,62.46
16244,62.47
16245,62.47
16246,62.47
16247,62.48
16248,62.49
16249,62.49
16250,62.50
16251,62.50
16252,62.51
16253,62.52
16254,62.53
16255,62.54
16256,62.55
16257,62.55
16258,62.55
16259,62.55
16260,62.56
16261,62.57
16262,62.58
16263,62.59
16264,62.60
16265,62.61
16266,62.62
16267,62.62
16268,62.63
16269,62.63
16270,62.63
16271,62.64
16272,62.66
16273,62.66
16274,62.69
16275,62.69
16276,62.70
16277,62.71
16278,62.71
16279,62.71
16280,62.74
16281,62.75
16282,62.75
16283,62.75
16284,62.77
16285,62.79
16286,62.80
16287,62.80
16288,62.80
16289,62.80
16290,62.81
16291,62.81
16292,62.81
16293,62.82
16294,62.83
16295,62.83
16296,62.83
16297,62.84
16298,62.85
16299,62.85
16300,62.85
16301,62.88
16302,62.89
16303,62.89
16304,62.89
16305,62.89
16306,62.93
16307,62.96
16308,62.97
16309,63.02
16310,63.05
16311,63.05
16312,63.06
16313,63.07
16314,63.08
16315,63.08
16316,63.09
16317,63.11
16318,63.14
16319,63.15
16320,63.16
16321,63.18
16322,63.19
16323,63.19
16324,63.21
16325,63.22
16326,63.22
16327,63.23
16328,63.24
16329,63.25
16330,63.28
16331,63.28
16332,63.28
16333,63.29
16334,63.31
16335,63.31
16336,63.31
16337,63.33
16338,63.33
16339,63.34
16340,63.34
16341,63.34
16342,63.35
16343,63.36
16344,63.39
16345,63.40
16346,63.41
16347,63.41
16348,63.42
16349,63.42
16350,63.44
16351,63.45
16352,63.48
16353,63.49
16354,63.50
16355,63.50
16356,63.51
16357,63.51
16358,63.51
16359,63.51
16360,63.52
16361,63.54
16362,63.54
16363,63.54
16364,63.57
16365,63.59
16366,63.60
16367,63.60
16368,63.62
16369,63.62
16370,63.63
16371,63.64
16372,63.65
16373,63.68
16374,63.69
16375,63.70
16376,63.70
16377,63.73
16378,63.74
16379,63.77
16380,63.77
16381,63.77
16382,63.78
16383,63.79
16384,63.82
16385,63.83
16386,63.84
16387,63.84
16388,63.85
16389,63.86
16390,63.86
16391,63.87
16392,63.87
16393,63.87
16394,63.87
16395,63.88
16396,63.88
16397,63.90
16398,63.91
16399,63.91
16400,63.92
16401,63.92
16402,63.94
16403,63.95
16404,63.95
16405,63.96
16406,63.96
16407,64.00
16408,64.02
16409,64.03
16410,64.03
16411,64.03
16412,64.04
16413,64.04
16414,64.05
16415,64.05
16416,64.06
16417,64.07
16418,64.08
16419,64.11
16420,64.12
16421,64.13
16422,64.14
16423,64.14
16424,64.15
16425,64.16
16426,64.16
16427,64.17
16428,64.17
16429,64.20
16430,64.20
16431,64.21
16432,64.21
16433,64.22
16434,64.23
16435,64.24
16436,64.26
16437,64.28
16438,64.28
16439,64.28
16440,64.30
16441,64.31
16442,64.32
16443,64.35
16444,64.35
16445,64.36
16446,64.36
16447,64.36
16448,64.36
16449,64.37
16450,64.38
16451,64.42
16452,64.43
16453,64.43
16454,64.45
16455,64.45
16456,64.46
16457,64.47
16458,64.47
16459,64.48
16460,64.50
16461,64.50
16462,64.51
16463,64.52
16464,64.52
16465,64.60
16466,64.61
16467,64.62
16468,64.62
16469,64.63
16470,64.64
16471,64.64
16472,64.65
16473,64.66
16474,64.67
16475,64.70
16476,64.72
16477,64.73
16478,64.74
16479,64.74
16480,64.75
16481,64.75
16482,64.76
16483,64.76
16484,64.77
16485,64.78
16486,64.79
16487,64.79
16488,64.80
16489,64.80
16490,64.81
16491,64.82
16492,64.83
16493,64.83
16494,64.84
16495,64.84
16496,64.85
16497,64.85
16498,64.86
16499,64.86
16500,64.87
16501,64.88
16502,64.89
16503,64.90
16504,64.90
16505,64.91
16506,64.92
16507,64.92
16508,64.93
16509,64.98
16510,64.98
16511,65.00
16512,65.06
16513,65.06
16514,65.08
16515,65.10
16516,65.12
16517,65.13
16518,65.14
16519,65.15
16520,65.16
16521,65.28
16522,65.29
16523,65.29
16524,65.30
16525,65.31
16526,65.32
16527,65.32
16528,65.34
16529,65.37
16530,65.37
16531,65.37
16532,65.39
16533,65.41
16534,65.43
16535,65.46
16536,65.46
16537,65.49
16538,65.51
16539,65.51
16540,65.53
16541,65.53
16542,65.56
16543,65.56
16544,65.59
16545,65.60
16546,65.64
16547,65.65
16548,65.67
16549,65.68
16550,65.69
16551,65.69
16552,65.70
16553,65.71
16554,65.71
16555,65.71
16556,65.71
16557,65.72
16558,65.73
16559,65.75
16560,65.75
16561,65.77
16562,65.77
16563,65.77
16564,65.78
16565,65.78
16566,65.80
16567,65.81
16568,65.82
16569,65.85
16570,65.85
16571,65.85
16572,65.87
16573,65.88
16574,65.92
16575,65.94
16576,65.94
16577,65.98
16578,66.00
16579,66.00
16580,66.04
16581,66.04
16582,66.09
16583,66.09
16584,66.11
16585,66.14
16586,66.14
16587,66.15
16588,66.16
16589,66.16
16590,66.17
16591,66.18
16592,66.18
16593,66.20
16594,66.21
16595,66.22
16596,66.24
16597,66.24
16598,66.27
16599,66.29
16600,66.31
16601,66.31
16602,66.32
16603,66.33
16604,66.33
16605,66.34
16606,66.34
16607,66.34
16608,66.35
16609,66.35
16610,66.35
16611,66.35
16612,66.37
16613,66.39
16614,66.40
16615,66.41
16616,66.41
16617,66.41
16618,66.42
16619,66.42
16620,66.42
16621,66.45
16622,66.46
16623,66.46
16624,66.47
16625,66.47
16626,66.49
16627,66.49
16628,66.51
16629,66.52
16630,66.52
16631,66.52
16632,66.54
16633,66.54
16634,66.55
16635,66.55
16636,66.56
16637,66.57
16638,66.58
16639,66.59
16640,66.59
16641,66.61
16642,66.61
16643,66.62
16644,66.65
16645,66.66
16646,66.67
16647,66.70
16648,66.71
16649,66.75
16650,66.77
16651,66.77
16652,66.78
16653,66.81
16654,66.82
16655,66.82
16656,66.84
16657,66.84
16658,66.86
16659,66.87
16660,66.89
16661,66.89
16662,66.89
16663,66.90
16664,66.91
16665,66.91
16666,66.91
16667,66.92
16668,66.95
16669,66.96
16670,66.97
16671,66.98
16672,66.99
16673,66.99
16674,67.00
16675,67.00
16676,67.03
16677,67.03
16678,67.07
16679,67.09
16680,67.09
16681,67.11
16682,67.12
16683,67.12
16684,67.13
16685,67.14
16686,67.14
16687,67.15
16688,67.16
16689,67.16
16690,67.18
16691,67.19
16692,67.20
16693,67.20
16694,67.20
16695,67.23
16696,67.25
16697,67.25
16698,67.25
16699,67.26
16700,67.27
16701,67.27
16702,67.27
16703,67.28
16704,67.30
16705,67.30
16706,67.31
16707,67.32
16708,67.35
16709,67.35
16710,67.37
16711,67.38
16712,67.42
16713,67.42
16714,67.42
16715,67.43
16716,67.43
16717,67.43
16718,67.43
16719,67.46
16720,67.48
16721,67.48
16722,67.48
16723,67.49
16724,67.49
16725,67.51
16726,67.52
16727,67.53
16728,67.54
16729,67.54
16730,67.54
16731,67.56
16732,67.56
16733,67.57
16734,67.58
16735,67.59
16736,67.60
16737,67.60
16738,67.60
16739,67.60
16740,67.61
16741,67.61
16742,67.62
16743,67.62
16744,67.65
16745,67.65
16746,67.66
16747,67.66
16748,67.70
16749,67.70
16750,67.72
16751,67.72
16752,67.72
16753,67.73
16754,67.74
16755,67.75
16756,67.76
16757,67.77
16758,67.78
16759,67.78
16760,67.78
16761,67.78
16762,67.80
16763,67.80
16764,67.81
16765,67.81
16766,67.81
16767,67.81
16768,67.83
16769,67.83
16770,67.83
16771,67.84
16772,67.84
16773,67.85
16774,67.85
16775,67.86
16776,67.89
16777,67.91
16778,67.91
16779,67.93
16780,67.93
16781,67.93
16782,67.93
16783,67.94
16784,67.96
16785,67.96
16786,67.97
16787,67.99
16788,68.00
16789,68.00
16790,68.00
16791,68.01
16792,68.03
16793,68.04
16794,68.05
16795,68.07
16796,68.09
16797,68.11
16798,68.12
16799,68.13
16800,68.15
16801,68.15
16802,68.17
16803,68.22
16804,68.23
16805,68.26
16806,68.26
16807,68.27
16808,68.27
16809,68.27
16810,68.28
16811,68.29
16812,68.30
16813,68.31
16814,68.32
16815,68.33
16816,68.33
16817,68.33
16818,68.34
16819,68.34
16820,68.35
16821,68.35
16822,68.36
16823,68.36
16824,68.37
16825,68.39
16826,68.39
16827,68.41
16828,68.41
16829,68.42
16830,68.44
16831,68.45
16832,68.45
16833,68.46
16834,68.47
16835,68.47
16836,68.48
16837,68.50
16838,68.50
16839,68.51
16840,68.52
16841,68.53
16842,68.56
16843,68.56
16844,68.59
16845,68.59
16846,68.60
16847,68.60
16848,68.62
16849,68.62
16850,68.63
16851,68.63
16852,68.64
16853,68.65
16854,68.65
16855,68.67
16856,68.67
16857,68.68
16858,68.68
16859,68.69
16860,68.70
16861,68.71
16862,68.73
16863,68.73
16864,68.74
16865,68.75
16866,68.75
16867,68.77
16868,68.77
16869,68.78
16870,68.79
16871,68.80
16872,68.81
16873,68.81
16874,68.81
16875,68.83
16876,68.84
16877,68.85
16878,68.86
16879,68.87
16880,68.91
16881,68.91
16882,68.91
16883,68.91
16884,68.94
16885,68.96
16886,68.98
16887,68.99
16888,69.02
16889,69.02
16890,69.02
16891,69.05
16892,69.06
16893,69.06
16894,69.07
16895,69.08
16896,69.09
16897,69.10
16898,69.11
16899,69.12
16900,69.14
16901,69.15
16902,69.18
16903,69.19
16904,69.19
16905,69.20
16906,69.20
16907,69.24
16908,69.25
16909,69.25
16910,69.26
16911,69.26
16912,69.26
16913,69.26
16914,69.27
16915,69.27
16916,69.28
16917,69.29
16918,69.29
16919,69.30
16920,69.30
16921,69.30
16922,69.31
16923,69.32
16924,69.32
16925,69.33
16926,69.33
16927,69.35
16928,69.35
16929,69.36
16930,69.37
16931,69.37
16932,69.39
16933,69.41
16934,69.41
16935,69.41
16936,69.43
16937,69.43
16938,69.43
16939,69.44
16940,69.45
16941,69.46
16942,69.46
16943,69.46
16944,69.46
16945,69.47
16946,69.48
16947,69.49
16948,69.49
16949,69.50
16950,69.51
16951,69.53
16952,69.54
16953,69.55
16954,69.56
16955,69.56
16956,69.57
16957,69.57
16958,69.57
16959,69.60
16960,69.61
16961,69.61
16962,69.62
16963,69.64
16964,69.66
16965,69.67
16966,69.72
16967,69.72
16968,69.73
16969,69.75
16970,69.75
16971,69.76
16972,69.78
16973,69.79
16974,69.79
16975,69.79
16976,69.79
16977,69.80
16978,69.82
16979,69.82
16980,69.82
16981,69.85
16982,69.86
16983,69.88
16984,69.90
16985,69.90
16986,69.92
16987,69.92
16988,69.94
16989,69.94
16990,69.96
16991,69.98
16992,70.00
16993,70.00
16994,70.00
16995,70.01
16996,70.02
16997,70.04
16998,70.04
16999,70.06
17000,70.06
17001,70.07
17002,70.07
17003,70.07
17004,70.08
17005,70.10
17006,70.10
17007,70.12
17008,70.13
17009,70.16
17010,70.16
17011,70.17
17012,70.17
17013,70.17
17014,70.17
17015,70.18
17016,70.18
17017,70.21
17018,70.22
17019,70.23
17020,70.23
17021,70.24
17022,70.25
17023,70.25
17024,70.26
17025,70.28
17026,70.28
17027,70.30
17028,70.31
17029,70.32
17030,70.32
17031,70.33
17032,70.35
17033,70.36
17034,70.38
17035,70.39
17036,70.39
17037,70.40
17038,70.40
17039,70.43
17040,70.46
17041,70.46
17042,70.49
17043,70.50
17044,70.52
17045,70.53
17046,70.53
17047,70.53
17048,70.54
17049,70.54
17050,70.55
17051,70.55
17052,70.55
17053,70.56
17054,70.57
17055,70.57
17056,70.61
17057,70.61
17058,70.62
17059,70.63
17060,70.63
17061,70.65
17062,70.66
17063,70.66
17064,70.67
17065,70.68
17066,70.68
17067,70.69
17068,70.71
17069,70.71
17070,70.72
17071,70.72
17072,70.75
17073,70.75
17074,70.76
17075,70.77
17076,70.77
17077,70.78
17078,70.79
17079,70.79
17080,70.80
17081,70.80
17082,70.80
17083,70.80
17084,70.80
17085,70.82
17086,70.83
17087,70.84
17088,70.84
17089,70.86
17090,70.86
17091,70.87
17092,70.87
17093,70.88
17094,70.88
17095,70.90
17096,70.94
17097,70.94
17098,70.95
17099,70.95
17100,70.95
17101,70.96
17102,70.96
17103,70.97
17104,70.97
17105,70.97
17106,70.97
17107,70.98
17108,70.99
17109,70.99
17110,70.99
17111,71.01
17112,71.03
17113,71.04
17114,71.05
17115,71.07
17116,71.07
17117,71.07
17118,71.09
17119,71.09
17120,71.13
17121,71.13
17122,71.17
17123,71.18
17124,71.18
17125,71.19
17126,71.20
17127,71.22
17128,71.23
17129,71.23
17130,71.24
17131,71.25
17132,71.25
17133,71.25
17134,71.27
17135,71.27
17136,71.30
17137,71.34
17138,71.36
17139,71.36
17140,71.36
17141,71.38
17142,71.40
17143,71.43
17144,71.43
17145,71.44
17146,71.44
17147,71.44
17148,71.46
17149,71.47
17150,71.47
17151,71.49
17152,71.49
17153,71.50
17154,71.52
17155,71.52
17156,71.53
17157,71.53
17158,71.55
17159,71.56
17160,71.56
17161,71.57
17162,71.57
17163,71.59
17164,71.61
17165,71.62
17166,71.64
17167,71.65
17168,71.66
17169,71.66
17170,71.68
17171,71.69
17172,71.70
17173,71.71
17174,71.71
17175,71.73
17176,71.73
17177,71.74
17178,71.76
17179,71.76
17180,71.77
17181,71.77
17182,71.79
17183,71.79
17184,71.80
17185,71.82
17186,71.82
17187,71.83
17188,71.83
17189,71.85
17190,71.85
17191,71.86
17192,71.86
17193,71.87
17194,71.87
17195,71.88
17196,71.88
17197,71.89
17198,71.90
17199,71.90
17200,71.91
17201,71.92
17202,71.93
17203,71.93
17204,71.93
17205,71.94
17206,71.95
17207,71.95
17208,71.96
17209,71.99
17210,72.00
17211,72.01
17212,72.01
17213,72.02
17214,72.02
17215,72.05
17216,72.05
17217,72.06
17218,72.07
17219,72.07
17220,72.09
17221,72.11
17222,72.12
17223,72.14
17224,72.16
17225,72.17
17226,72.18
17227,72.18
17228,72.19
17229,72.21
17230,72.21
17231,72.23
17232,72.23
17233,72.25
17234,72.25
17235,72.26
17236,72.28
17237,72.28
17238,72.28
17239,72.31
17240,72.32
17241,72.33
17242,72.35
17243,72.35
17244,72.36
17245,72.36
17246,72.36
17247,72.37
17248,72.39
17249,72.39
17250,72.40
17251,72.40
17252,72.41
17253,72.45
17254,72.46
17255,72.46
17256,72.47
17257,72.50
17258,72.54
17259,72.54
17260,72.54
17261,72.55
17262,72.55
17263,72.56
17264,72.56
17265,72.59
17266,72.60
17267,72.60
17268,72.61
17269,72.63
17270,72.64
17271,72.64
17272,72.65
17273,72.65
17274,72.65
17275,72.66
17276,72.67
17277,72.68
17278,72.70
17279,72.71
17280,72.72
17281,72.73
17282,72.73
17283,72.75
17284,72.75
17285,72.75
17286,72.76
17287,72.78
17288,72.79
17289,72.80
17290,72.80
17291,72.81
17292,72.81
17293,72.81
17294,72.82
17295,72.82
17296,72.82
17297,72.86
17298,72.89
17299,72.89
17300,72.89
17301,72.90
17302,72.90
17303,72.92
17304,72.95
17305,72.97
17306,72.98
17307,72.98
17308,72.98
17309,73.02
17310,73.02
17311,73.03
17312,73.03
17313,73.05
17314,73.06
17315,73.07
17316,73.08
17317,73.10
17318,73.12
17319,73.12
17320,73.14
17321,73.14
17322,73.14
17323,73.15
17324,73.15
17325,73.17
17326,73.17
17327,73.17
17328,73.18
17329,73.20
17330,73.21
17331,73.22
17332,73.22
17333,73.23
17334,73.25
17335,73.25
17336,73.26
17337,73.26
17338,73.27
17339,73.29
17340,73.32
17341,73.33
17342,73.36
17343,73.36
17344,73.37
17345,73.37
17346,73.41
17347,73.42
17348,73.42
17349,73.43
17350,73.44
17351,73.44
17352,73.45
17353,73.46
17354,73.47
17355,73.48
17356,73.48
17357,73.48
17358,73.50
17359,73.50
17360,73.50
17361,73.51
17362,73.52
17363,73.52
17364,73.53
17365,73.53
17366,73.54
17367,73.54
17368,73.55
17369,73.56
17370,73.57
17371,73.58
17372,73.58
17373,73.61
17374,73.62
17375,73.62
17376,73.63
17377,73.64
17378,73.65
17379,73.66
17380,73.67
17381,73.67
17382,73.67
17383,73.68
17384,73.68
17385,73.69
17386,73.69
17387,73.71
17388,73.72
17389,73.72
17390,73.72
17391,73.72
17392,73.73
17393,73.74
17394,73.75
17395,73.75
17396,73.76
17397,73.77
17398,73.80
17399,73.80
17400,73.80
17401,73.80
17402,73.81
17403,73.81
17404,73.83
17405,73.84
17406,73.85
17407,73.88
17408,73.89
17409,73.90
17410,73.90
17411,73.91
17412,73.91
17413,73.92
17414,73.92
17415,73.92
17416,73.93
17417,73.94
17418,73.95
17419,73.97
17420,73.97
17421,73.98
17422,73.98
17423,73.98
17424,73.98
17425,73.98
17426,73.99
17427,74.00
17428,74.00
17429,74.02
17430,74.04
17431,74.05
17432,74.05
17433,74.07
17434,74.08
17435,74.08
17436,74.08
17437,74.10
17438,74.12
17439,74.13
17440,74.13
17441,74.15
17442,74.17
17443,74.17
17444,74.17
17445,74.18
17446,74.18
17447,74.18
17448,74.19
17449,74.19
17450,74.22
17451,74.23
17452,74.23
17453,74.24
17454,74.26
17455,74.26
17456,74.28
17457,74.28
17458,74.28
17459,74.29
17460,74.31
17461,74.32
17462,74.32
17463,74.33
17464,74.33
17465,74.33
17466,74.35
17467,74.35
17468,74.36
17469,74.37
17470,74.37
17471,74.38
17472,74.39
17473,74.39
17474,74.41
17475,74.45
17476,74.46
17477,74.46
17478,74.47
17479,74.49
17480,74.51
17481,74.52
17482,74.53
17483,74.53
17484,74.54
17485,74.54
17486,74.55
17487,74.55
17488,74.55
17489,74.56
17490,74.57
17491,74.57
17492,74.58
17493,74.58
17494,74.59
17495,74.59
17496,74.59
17497,74.60
17498,74.60
17499,74.60
17500,74.62
17501,74.68
17502,74.69
17503,74.70
17504,74.71
17505,74.71
17506,74.76
17507,74.76
17508,74.76
17509,74.77
17510,74.77
17511,74.78
17512,74.80
17513,74.80
17514,74.81
17515,74.81
17516,74.82
17517,74.82
17518,74.82
17519,74.86
17520,74.88
17521,74.90
17522,74.91
17523,74.91
17524,74.92
17525,74.92
17526,74.92
17527,74.92
17528,74.92
17529,74.93
17530,74.94
17531,74.95
17532,74.95
17533,74.95
17534,74.95
17535,74.96
17536,74.99
17537,75.00
17538,75.01
17539,75.01
17540,75.02
17541,75.04
17542,75.05
17543,75.06
17544,75.07
17545,75.07
17546,75.08
17547,75.09
17548,75.14
17549,75.15
17550,75.16
17551,75.17
17552,75.18
17553,75.18
17554,75.20
17555,75.21
17556,75.22
17557,75.22
17558,75.23
17559,75.23
17560,75.25
17561,75.26
17562,75.28
17563,75.28
17564,75.28
17565,75.29
17566,75.29
17567,75.30
17568,75.31
17569,75.31
17570,75.32
17571,75.32
17572,75.33
17573,75.34
17574,75.34
17575,75.34
17576,75.36
17577,75.36
17578,75.37
17579,75.38
17580,75.40
17581,75.40
17582,75.42
17583,75.43
17584,75.43
17585,75.44
17586,75.44
17587,75.44
17588,75.45
17589,75.45
17590,75.46
17591,75.47
17592,75.49
17593,75.49
17594,75.49
17595,75.50
17596,75.51
17597,75.51
17598,75.52
17599,75.56
17600,75.57
17601,75.57
17602,75.58
17603,75.59
17604,75.59
17605,75.59
17606,75.61
17607,75.61
17608,75.63
17609,75.65
17610,75.65
17611,75.67
17612,75.69
17613,75.70
17614,75.71
17615,75.72
17616,75.74
17617,75.78
17618,75.79
17619,75.80
17620,75.81
17621,75.81
17622,75.81
17623,75.81
17624,75.87
17625,75.87
17626,75.89
17627,75.91
17628,75.92
17629,75.94
17630,75.94
17631,75.97
17632,75.97
17633,75.98
17634,76.00
17635,76.01
17636,76.02
17637,76.03
17638,76.03
17639,76.03
17640,76.04
17641,76.05
17642,76.07
17643,76.07
17644,76.07
17645,76.07
17646,76.08
17647,76.08
17648,76.08
17649,76.08
17650,76.09
17651,76.09
17652,76.10
17653,76.11
17654,76.11
17655,76.13
17656,76.15
17657,76.17
17658,76.18
17659,76.19
17660,76.19
17661,76.20
17662,76.20
17663,76.21
17664,76.23
17665,76.23
17666,76.24
17667,76.24
17668,76.25
17669,76.28
17670,76.29
17671,76.30
17672,76.31
17673,76.32
17674,76.33
17675,76.41
17676,76.41
17677,76.42
17678,76.42
17679,76.43
17680,76.45
17681,76.46
17682,76.50
17683,76.51
17684,76.51
17685,76.52
17686,76.55
17687,76.56
17688,76.57
17689,76.57
17690,76.59
17691,76.59
17692,76.59
17693,76.60
17694,76.60
17695,76.61
17696,76.62
17697,76.63
17698,76.64
17699,76.64
17700,76.64
17701,76.66
17702,76.66
17703,76.66
17704,76.66
17705,76.67
17706,76.69
17707,76.72
17708,76.73
17709,76.76
17710,76.78
17711,76.78
17712,76.79
17713,76.80
17714,76.80
17715,76.80
17716,76.82
17717,76.85
17718,76.85
17719,76.85
17720,76.87
17721,76.88
17722,76.89
17723,76.90
17724,76.90
17725,76.92
17726,76.92
17727,76.92
17728,76.93
17729,76.95
17730,76.95
17731,76.96
17732,76.98
17733,76.99
17734,77.02
17735,77.02
17736,77.03
17737,77.05
17738,77.07
17739,77.08
17740,77.10
17741,77.11
17742,77.11
17743,77.12
17744,77.14
17745,77.16
17746,77.17
17747,77.19
17748,77.20
17749,77.20
17750,77.21
17751,77.24
17752,77.24
17753,77.25
17754,77.25
17755,77.27
17756,77.28
17757,77.29
17758,77.29
17759,77.30
17760,77.32
17761,77.33
17762,77.33
17763,77.33
17764,77.34
17765,77.35
17766,77.36
17767,77.36
17768,77.39
17769,77.40
17770,77.41
17771,77.44
17772,77.45
17773,77.47
17774,77.48
17775,77.50
17776,77.51
17777,77.51
17778,77.52
17779,77.52
17780,77.54
17781,77.56
17782,77.57
17783,77.58
17784,77.59
17785,77.59
17786,77.60
17787,77.60
17788,77.61
17789,77.61
17790,77.62
17791,77.62
17792,77.62
17793,77.62
17794,77.64
17795,77.66
17796,77.68
17797,77.69
17798,77.70
17799,77.70
17800,77.70
17801,77.74
17802,77.76
17803,77.77
17804,77.79
17805,77.82
17806,77.82
17807,77.85
17808,77.85
17809,77.85
17810,77.86
17811,77.86
17812,77.87
17813,77.87
17814,77.93
17815,77.95
17816,77.96
17817,77.96
17818,77.99
17819,77.99
17820,78.00
17821,78.00
17822,78.01
17823,78.01
17824,78.01
17825,78.04
17826,78.05
17827,78.07
17828,78.08
17829,78.08
17830,78.11
17831,78.11
17832,78.12
17833,78.14
17834,78.16
17835,78.16
17836,78.17
17837,78.20
17838,78.20
17839,78.20
17840,78.21
17841,78.21
17842,78.21
17843,78.22
17844,78.23
17845,78.25
17846,78.26
17847,78.26
17848,78.27
17849,78.28
17850,78.28
17851,78.31
17852,78.32
17853,78.33
17854,78.33
17855,78.33
17856,78.34
17857,78.35
17858,78.36
17859,78.37
17860,78.38
17861,78.40
17862,78.40
17863,78.42
17864,78.46
17865,78.47
17866,78.47
17867,78.47
17868,78.48
17869,78.49
17870,78.52
17871,78.55
17872,78.56
17873,78.56
17874,78.57
17875,78.57
17876,78.57
17877,78.58
17878,78.60
17879,78.61
17880,78.62
17881,78.63
17882,78.63
17883,78.64
17884,78.65
17885,78.66
17886,78.67
17887,78.68
17888,78.69
17889,78.70
17890,78.71
17891,78.76
17892,78.76
17893,78.76
17894,78.77
17895,78.77
17896,78.80
17897,78.82
17898,78.83
17899,78.84
17900,78.84
17901,78.85
17902,78.85
17903,78.86
17904,78.86
17905,78.87
17906,78.87
17907,78.87
17908,78.89
17909,78.90
17910,78.90
17911,78.90
17912,78.94
17913,78.95
17914,78.95
17915,78.95
17916,78.96
17917,78.96
17918,78.97
17919,78.98
17920,79.00
17921,79.01
17922,79.07
17923,79.07
17924,79.08
17925,79.10
17926,79.10
17927,79.10
17928,79.12
17929,79.12
17930,79.13
17931,79.13
17932,79.13
17933,79.13
17934,79.15
17935,79.15
17936,79.15
17937,79.17
17938,79.17
17939,79.17
17940,79.18
17941,79.19
17942,79.20
17943,79.20
17944,79.21
17945,79.21
17946,79.22
17947,79.23
17948,79.23
17949,79.24
17950,79.24
17951,79.24
17952,79.25
17953,79.25
17954,79.26
17955,79.28
17956,79.31
17957,79.33
17958,79.33
17959,79.34
17960,79.34
17961,79.35
17962,79.36
17963,79.39
17964,79.40
17965,79.40
17966,79.42
17967,79.43
17968,79.43
17969,79.44
17970,79.45
17971,79.47
17972,79.47
17973,79.48
17974,79.51
17975,79.54
17976,79.54
17977,79.54
17978,79.57
17979,79.59
17980,79.59
17981,79.59
17982,79.60
17983,79.63
17984,79.63
17985,79.64
17986,79.65
17987,79.65
17988,79.68
17989,79.70
17990,79.71
17991,79.72
17992,79.73
17993,79.74
17994,79.75
17995,79.75
17996,79.76
17997,79.76
17998,79.77
17999,79.77
18000,79.77
18001,79.78
18002,79.78
18003,79.79
18004,79.81
18005,79.82
18006,79.83
18007,79.83
18008,79.83
18009,79.84
18010,79.85
18011,79.88
18012,79.89
18013,79.92
18014,79.93
18015,79.94
18016,79.95
18017,79.96
18018,79.96
18019,79.97
18020,79.97
18021,79.97
18022,79.99
18023,79.99
18024,80.00
18025,80.02
18026,80.04
18027,80.06
18028,80.11
18029,80.11
18030,80.12
18031,80.13
18032,80.16
18033,80.17
18034,80.18
18035,80.19
18036,80.19
18037,80.19
18038,80.21
18039,80.22
18040,80.22
18041,80.27
18042,80.30
18043,80.30
18044,80.31
18045,80.34
18046,80.35
18047,80.37
18048,80.38
18049,80.40
18050,80.43
18051,80.44
18052,80.44
18053,80.44
18054,80.44
18055,80.45
18056,80.45
18057,80.46
18058,80.48
18059,80.48
18060,80.48
18061,80.49
18062,80.49
18063,80.50
18064,80.51
18065,80.52
18066,80.54
18067,80.55
18068,80.57
18069,80.57
18070,80.57
18071,80.58
18072,80.58
18073,80.59
18074,80.60
18075,80.62
18076,80.65
18077,80.66
18078,80.66
18079,80.68
18080,80.69
18081,80.69
18082,80.74
18083,80.74
18084,80.75
18085,80.75
18086,80.75
18087,80.76
18088,80.77
18089,80.79
18090,80.79
18091,80.79
18092,80.80
18093,80.80
18094,80.80
18095,80.80
18096,80.81
18097,80.81
18098,80.82
18099,80.86
18100,80.89
18101,80.91
18102,80.92
18103,80.92
18104,80.93
18105,80.94
18106,81.02
18107,81.03
18108,81.07
18109,81.08
18110,81.09
18111,81.10
18112,81.10
18113,81.10
18114,81.11
18115,81.12
18116,81.12
18117,81.12
18118,81.16
18119,81.17
18120,81.18
18121,81.19
18122,81.20
18123,81.20
18124,81.20
18125,81.21
18126,81.22
18127,81.23
18128,81.23
18129,81.23
18130,81.23
18131,81.27
18132,81.28
18133,81.28
18134,81.29
18135,81.29
18136,81.30
18137,81.30
18138,81.31
18139,81.31
18140,81.32
18141,81.33
18142,81.34
18143,81.35
18144,81.36
18145,81.36
18146,81.36
18147,81.36
18148,81.36
18149,81.37
18150,81.37
18151,81.38
18152,81.39
18153,81.39
18154,81.40
18155,81.40
18156,81.41
18157,81.42
18158,81.44
18159,81.45
18160,81.46
18161,81.47
18162,81.48
18163,81.49
18164,81.51
18165,81.52
18166,81.54
18167,81.56
18168,81.56
18169,81.56
18170,81.57
18171,81.58
18172,81.58
18173,81.58
18174,81.59
18175,81.60
18176,81.62
18177,81.63
18178,81.63
18179,81.64
18180,81.66
18181,81.66
18182,81.66
18183,81.67
18184,81.68
18185,81.68
18186,81.70
18187,81.71
18188,81.71
18189,81.72
18190,81.73
18191,81.75
18192,81.76
18193,81.77
18194,81.79
18195,81.80
18196,81.81
18197,81.82
18198,81.85
18199,81.85
18200,81.88
18201,81.89
18202,81.90
18203,81.90
18204,81.92
18205,81.93
18206,81.94
18207,81.95
18208,81.96
18209,81.97
18210,81.98
18211,82.00
18212,82.01
18213,82.02
18214,82.03
18215,82.04
18216,82.06
18217,82.08
18218,82.08
18219,82.09
18220,82.11
18221,82.13
18222,82.14
18223,82.15
18224,82.16
18225,82.18
18226,82.19
18227,82.20
18228,82.21
18229,82.23
18230,82.23
18231,82.25
18232,82.25
18233,82.26
18234,82.27
18235,82.27
18236,82.28
18237,82.30
18238,82.30
18239,82.31
18240,82.31
18241,82.31
18242,82.32
18243,82.34
18244,82.35
18245,82.35
18246,82.36
18247,82.36
18248,82.37
18249,82.38
18250,82.39
18251,82.41
18252,82.42
18253,82.42
18254,82.42
18255,82.44
18256,82.44
18257,82.45
18258,82.47
18259,82.48
18260,82.48
18261,82.49
18262,82.49
18263,82.50
18264,82.50
18265,82.52
18266,82.53
18267,82.53
18268,82.53
18269,82.54
18270,82.56
18271,82.57
18272,82.58
18273,82.60
18274,82.60
18275,82.61
18276,82.64
18277,82.66
18278,82.66
18279,82.67
18280,82.67
18281,82.67
18282,82.67
18283,82.71
18284,82.74
18285,82.75
18286,82.75
18287,82.76
18288,82.76
18289,82.80
18290,82.80
18291,82.80
18292,82.84
18293,82.85
18294,82.85
18295,82.88
18296,82.90
18297,82.92
18298,82.92
18299,82.93
18300,82.93
18301,82.94
18302,82.98
18303,83.00
18304,83.00
18305,83.01
18306,83.02
18307,83.03
18308,83.04
18309,83.06
18310,83.07
18311,83.09
18312,83.10
18313,83.10
18314,83.11
18315,83.14
18316,83.14
18317,83.17
18318,83.20
18319,83.20
18320,83.21
18321,83.21
18322,83.22
18323,83.22
18324,83.23
18325,83.25
18326,83.25
18327,83.27
18328,83.29
18329,83.30
18330,83.30
18331,83.32
18332,83.33
18333,83.33
18334,83.33
18335,83.34
18336,83.35
18337,83.36
18338,83.36
18339,83.37
18340,83.38
18341,83.38
18342,83.40
18343,83.41
18344,83.41
18345,83.42
18346,83.43
18347,83.47
18348,83.48
18349,83.51
18350,83.52
18351,83.54
18352,83.56
18353,83.59
18354,83.61
18355,83.63
18356,83.66
18357,83.68
18358,83.68
18359,83.68
18360,83.69
18361,83.70
18362,83.71
18363,83.71
18364,83.72
18365,83.72
18366,83.74
18367,83.75
18368,83.79
18369,83.80
18370,83.81
18371,83.82
18372,83.85
18373,83.85
18374,83.86
18375,83.87
18376,83.87
18377,83.87
18378,83.88
18379,83.90
18380,83.90
18381,83.91
18382,83.93
18383,83.94
18384,83.94
18385,83.94
18386,83.94
18387,83.95
18388,83.97
18389,83.98
18390,83.99
18391,84.01
18392,84.01
18393,84.02
18394,84.02
18395,84.02
18396,84.04
18397,84.04
18398,84.06
18399,84.07
18400,84.09
18401,84.10
18402,84.12
18403,84.13
18404,84.13
18405,84.13
18406,84.13
18407,84.17
18408,84.18
18409,84.20
18410,84.22
18411,84.23
18412,84.23
18413,84.25
18414,84.26
18415,84.29
18416,84.32
18417,84.34
18418,84.34
18419,84.35
18420,84.35
18421,84.35
18422,84.37
18423,84.38
18424,84.38
18425,84.38
18426,84.39
18427,84.40
18428,84.42
18429,84.45
18430,84.45
18431,84.45
18432,84.47
18433,84.52
18434,84.56
18435,84.59
18436,84.59
18437,84.60
18438,84.62
18439,84.64
18440,84.64
18441,84.67
18442,84.67
18443,84.67
18444,84.69
18445,84.71
18446,84.72
18447,84.72
18448,84.76
18449,84.76
18450,84.78
18451,84.81
18452,84.82
18453,84.83
18454,84.84
18455,84.85
18456,84.85
18457,84.88
18458,84.88
18459,84.88
18460,84.89
18461,84.92
18462,84.92
18463,84.93
18464,84.95
18465,84.98
18466,84.98
18467,85.00
18468,85.00
18469,85.00
18470,85.03
18471,85.04
18472,85.05
18473,85.06
18474,85.06
18475,85.07
18476,85.07
18477,85.08
18478,85.08
18479,85.09
18480,85.10
18481,85.11
18482,85.12
18483,85.12
18484,85.16
18485,85.16
18486,85.17
18487,85.18
18488,85.18
18489,85.20
18490,85.21
18491,85.21
18492,85.24
18493,85.26
18494,85.26
18495,85.27
18496,85.28
18497,85.28
18498,85.29
18499,85.30
18500,85.30
18501,85.30
18502,85.31
18503,85.33
18504,85.34
18505,85.34
18506,85.38
18507,85.39
18508,85.41
18509,85.41
18510,85.41
18511,85.42
18512,85.42
18513,85.42
18514,85.43
18515,85.44
18516,85.47
18517,85.47
18518,85.48
18519,85.50
18520,85.50
18521,85.50
18522,85.51
18523,85.51
18524,85.52
18525,85.52
18526,85.53
18527,85.53
18528,85.54
18529,85.54
18530,85.54
18531,85.55
18532,85.60
18533,85.60
18534,85.61
18535,85.61
18536,85.62
18537,85.63
18538,85.63
18539,85.65
18540,85.66
18541,85.66
18542,85.67
18543,85.68
18544,85.68
18545,85.69
18546,85.72
18547,85.72
18548,85.73
18549,85.73
18550,85.75
18551,85.76
18552,85.76
18553,85.79
18554,85.81
18555,85.83
18556,85.83
18557,85.84
18558,85.84
18559,85.87
18560,85.87
18561,85.91
18562,85.91
18563,85.97
18564,85.98
18565,85.98
18566,85.98
18567,86.01
18568,86.03
18569,86.05
18570,86.06
18571,86.07
18572,86.07
18573,86.08
18574,86.09
18575,86.09
18576,86.11
18577,86.12
18578,86.12
18579,86.12
18580,86.15
18581,86.15
18582,86.15
18583,86.16
18584,86.17
18585,86.18
18586,86.19
18587,86.20
18588,86.20
18589,86.20
18590,86.20
18591,86.21
18592,86.21
18593,86.21
18594,86.22
18595,86.24
18596,86.25
18597,86.25
18598,86.25
18599,86.27
18600,86.29
18601,86.29
18602,86.30
18603,86.31
18604,86.31
18605,86.32
18606,86.34
18607,86.34
18608,86.35
18609,86.35
18610,86.35
18611,86.36
18612,86.36
18613,86.37
18614,86.37
18615,86.39
18616,86.43
18617,86.46
18618,86.46
18619,86.47
18620,86.49
18621,86.50
18622,86.53
18623,86.54
18624,86.54
18625,86.55
18626,86.55
18627,86.55
18628,86.58
18629,86.59
18630,86.62
18631,86.63
18632,86.65
18633,86.66
18634,86.67
18635,86.73
18636,86.73
18637,86.73
18638,86.74
18639,86.75
18640,86.76
18641,86.76
18642,86.76
18643,86.76
18644,86.78
18645,86.78
18646,86.79
18647,86.83
18648,86.84
18649,86.85
18650,86.87
18651,86.87
18652,86.87
18653,86.89
18654,86.89
18655,86.91
18656,86.92
18657,86.95
18658,86.95
18659,86.96
18660,86.97
18661,86.99
18662,87.00
18663,87.01
18664,87.01
18665,87.02
18666,87.02
18667,87.02
18668,87.04
18669,87.04
18670,87.08
18671,87.11
18672,87.11
18673,87.11
18674,87.13
18675,87.13
18676,87.16
18677,87.17
18678,87.17
18679,87.18
18680,87.18
18681,87.20
18682,87.21
18683,87.23
18684,87.27
18685,87.28
18686,87.30
18687,87.31
18688,87.32
18689,87.33
18690,87.33
18691,87.33
18692,87.34
18693,87.34
18694,87.34
18695,87.35
18696,87.36
18697,87.37
18698,87.37
18699,87.38
18700,87.40
18701,87.40
18702,87.40
18703,87.44
18704,87.44
18705,87.45
18706,87.46
18707,87.47
18708,87.47
18709,87.49
18710,87.50
18711,87.51
18712,87.52
18713,87.54
18714,87.55
18715,87.56
18716,87.56
18717,87.56
18718,87.58
18719,87.58
18720,87.59
18721,87.59
18722,87.63
18723,87.63
18724,87.63
18725,87.63
18726,87.64
18727,87.65
18728,87.67
18729,87.70
18730,87.70
18731,87.71
18732,87.71
18733,87.74
18734,87.75
18735,87.75
18736,87.75
18737,87.76
18738,87.77
18739,87.77
18740,87.78
18741,87.79
18742,87.80
18743,87.80
18744,87.80
18745,87.81
18746,87.81
18747,87.81
18748,87.82
18749,87.82
18750,87.84
18751,87.85
18752,87.85
18753,87.86
18754,87.86
18755,87.86
18756,87.90
18757,87.91
18758,87.92
18759,87.92
18760,87.95
18761,87.95
18762,87.98
18763,87.98
18764,87.99
18765,87.99
18766,88.01
18767,88.01
18768,88.02
18769,88.02
18770,88.03
18771,88.03
18772,88.04
18773,88.04
18774,88.06
18775,88.08
18776,88.08
18777,88.08
18778,88.09
18779,88.10
18780,88.11
18781,88.11
18782,88.13
18783,88.14
18784,88.15
18785,88.15
18786,88.15
18787,88.16
18788,88.16
18789,88.17
18790,88.18
18791,88.20
18792,88.24
18793,88.26
18794,88.26
18795,88.28
18796,88.30
18797,88.30
18798,88.32
18799,88.34
18800,88.34
18801,88.35
18802,88.36
18803,88.37
18804,88.39
18805,88.40
18806,88.41
18807,88.41
18808,88.41
18809,88.42
18810,88.42
18811,88.44
18812,88.45
18813,88.45
18814,88.47
18815,88.48
18816,88.49
18817,88.49
18818,88.49
18819,88.53
18820,88.53
18821,88.54
18822,88.54
18823,88.57
18824,88.57
18825,88.57
18826,88.57
18827,88.57
18828,88.57
18829,88.57
18830,88.58
18831,88.58
18832,88.61
18833,88.62
18834,88.63
18835,88.64
18836,88.64
18837,88.66
18838,88.66
18839,88.66
18840,88.68
18841,88.68
18842,88.69
18843,88.71
18844,88.72
18845,88.73
18846,88.78
18847,88.79
18848,88.80
18849,88.80
18850,88.82
18851,88.83
18852,88.84
18853,88.85
18854,88.85
18855,88.87
18856,88.88
18857,88.90
18858,88.90
18859,88.90
18860,88.90
18861,88.91
18862,88.92
18863,88.93
18864,88.94
18865,88.97
18866,88.99
18867,89.02
18868,89.04
18869,89.05
18870,89.07
18871,89.08
18872,89.09
18873,89.11
18874,89.11
18875,89.11
18876,89.12
18877,89.12
18878,89.14
18879,89.15
18880,89.15
18881,89.17
18882,89.19
18883,89.20
18884,89.21
18885,89.23
18886,89.25
18887,89.27
18888,89.27
18889,89.28
18890,89.30
18891,89.30
18892,89.33
18893,89.34
18894,89.35
18895,89.36
18896,89.37
18897,89.39
18898,89.40
18899,89.41
18900,89.41
18901,89.41
18902,89.47
18903,89.47
18904,89.48
18905,89.48
18906,89.49
18907,89.49
18908,89.51
18909,89.53
18910,89.55
18911,89.56
18912,89.56
18913,89.57
18914,89.57
18915,89.60
18916,89.62
18917,89.62
18918,89.64
18919,89.65
18920,89.67
18921,89.69
18922,89.71
18923,89.75
18924,89.77
18925,89.78
18926,89.79
18927,89.80
18928,89.80
18929,89.81
18930,89.82
18931,89.89
18932,89.89
18933,89.90
18934,89.90
18935,89.91
18936,89.91
18937,89.91
18938,89.94
18939,89.94
18940,89.96
18941,89.96
18942,89.96
18943,89.98
18944,89.99
18945,89.99
18946,90.00
18947,90.00
18948,90.03
18949,90.04
18950,90.05
18951,90.09
18952,90.09
18953,90.09
18954,90.10
18955,90.10
18956,90.11
18957,90.17
18958,90.19
18959,90.19
18960,90.20
18961,90.20
18962,90.22
18963,90.22
18964,90.22
18965,90.22
18966,90.23
18967,90.24
18968,90.29
18969,90.29
18970,90.31
18971,90.31
18972,90.33
18973,90.34
18974,90.34
18975,90.36
18976,90.37
18977,90.38
18978,90.40
18979,90.40
18980,90.42
18981,90.47
18982,90.47
18983,90.48
18984,90.48
18985,90.49
18986,90.49
18987,90.49
18988,90.49
18989,90.52
18990,90.53
18991,90.53
18992,90.55
18993,90.55
18994,90.55
18995,90.55
18996,90.57
18997,90.58
18998,90.59
18999,90.59
19000,90.60
19001,90.60
19002,90.60
19003,90.62
19004,90.62
19005,90.63
19006,90.65
19007,90.66
19008,90.66
19009,90.66
19010,90.67
19011,90.68
19012,90.68
19013,90.68
19014,90.69
19015,90.69
19016,90.70
19017,90.72
19018,90.74
19019,90.77
19020,90.77
19021,90.79
19022,90.81
19023,90.81
19024,90.82
19025,90.84
19026,90.86
19027,90.86
19028,90.86
19029,90.88
19030,90.88
19031,90.89
19032,90.89
19033,90.93
19034,90.93
19035,90.95
19036,90.96
19037,90.96
19038,90.96
19039,91.02
19040,91.04
19041,91.05
19042,91.07
19043,91.07
19044,91.08
19045,91.11
19046,91.13
19047,91.14
19048,91.14
19049,91.14
19050,91.15
19051,91.17
19052,91.18
19053,91.18
19054,91.22
19055,91.22
19056,91.22
19057,91.22
19058,91.23
19059,91.25
19060,91.25
19061,91.26
19062,91.27
19063,91.27
19064,91.28
19065,91.29
19066,91.30
19067,91.30
19068,91.31
19069,91.31
19070,91.32
19071,91.34
19072,91.34
19073,91.35
19074,91.41
19075,91.42
19076,91.43
19077,91.44
19078,91.45
19079,91.47
19080,91.47
19081,91.47
19082,91.49
19083,91.49
19084,91.50
19085,91.51
19086,91.51
19087,91.51
19088,91.52
19089,91.52
19090,91.55
19091,91.56
19092,91.56
19093,91.56
19094,91.57
19095,91.57
19096,91.58
19097,91.58
19098,91.58
19099,91.60
19100,91.61
19101,91.61
19102,91.62
19103,91.63
19104,91.65
19105,91.65
19106,91.67
19107,91.68
19108,91.69
19109,91.69
19110,91.69
19111,91.70
19112,91.72
19113,91.74
19114,91.75
19115,91.75
19116,91.75
19117,91.76
19118,91.76
19119,91.76
19120,91.76
19121,91.78
19122,91.80
19123,91.84
19124,91.88
19125,91.89
19126,91.90
19127,91.90
19128,91.91
19129,91.91
19130,91.92
19131,91.92
19132,91.94
19133,91.95
19134,91.97
19135,91.97
19136,91.97
19137,91.97
19138,91.98
19139,92.00
19140,92.00
19141,92.01
19142,92.01
19143,92.02
19144,92.05
19145,92.05
19146,92.05
19147,92.07
19148,92.07
19149,92.08
19150,92.09
19151,92.10
19152,92.11
19153,92.12
19154,92.12
19155,92.13
19156,92.13
19157,92.13
19158,92.14
19159,92.15
19160,92.15
19161,92.16
19162,92.18
19163,92.18
19164,92.19
19165,92.20
19166,92.21
19167,92.21
19168,92.21
19169,92.21
19170,92.22
19171,92.22
19172,92.22
19173,92.23
19174,92.23
19175,92.24
19176,92.24
19177,92.25
19178,92.26
19179,92.26
19180,92.30
19181,92.30
19182,92.31
19183,92.33
19184,92.33
19185,92.37
19186,92.38
19187,92.40
19188,92.41
19189,92.41
19190,92.41
19191,92.42
19192,92.42
19193,92.44
19194,92.44
19195,92.45
19196,92.45
19197,92.45
19198,92.46
19199,92.46
19200,92.47
19201,92.47
19202,92.48
19203,92.48
19204,92.50
19205,92.52
19206,92.52
19207,92.52
19208,92.52
19209,92.53
19210,92.53
19211,92.54
19212,92.55
19213,92.55
19214,92.55
19215,92.56
19216,92.57
19217,92.58
19218,92.59
19219,92.62
19220,92.62
19221,92.62
19222,92.64
19223,92.64
19224,92.65
19225,92.65
19226,92.65
19227,92.66
19228,92.67
19229,92.68
19230,92.69
19231,92.74
19232,92.75
19233,92.75
19234,92.78
19235,92.78
19236,92.78
19237,92.80
19238,92.81
19239,92.82
19240,92.82
19241,92.83
19242,92.83
19243,92.84
19244,92.84
19245,92.84
19246,92.84
19247,92.87
19248,92.87
19249,92.88
19250,92.89
19251,92.89
19252,92.93
19253,92.94
19254,92.96
19255,92.96
19256,92.96
19257,92.97
19258,92.98
19259,93.01
19260,93.01
19261,93.02
19262,93.03
19263,93.04
19264,93.05
19265,93.07
19266,93.08
19267,93.10
19268,93.11
19269,93.12
19270,93.16
19271,93.18
19272,93.18
19273,93.18
19274,93.19
19275,93.19
19276,93.20
19277,93.20
19278,93.21
19279,93.22
19280,93.24
19281,93.25
19282,93.26
19283,93.26
19284,93.27
19285,93.28
19286,93.28
19287,93.30
19288,93.30
19289,93.31
19290,93.31
19291,93.31
19292,93.33
19293,93.34
19294,93.34
19295,93.38
19296,93.39
19297,93.39
19298,93.39
19299,93.40
19300,93.41
19301,93.43
19302,93.44
19303,93.46
19304,93.46
19305,93.48
19306,93.48
19307,93.49
19308,93.50
19309,93.52
19310,93.52
19311,93.52
19312,93.55
19313,93.56
19314,93.57
19315,93.57
19316,93.57
19317,93.58
19318,93.58
19319,93.58
19320,93.58
19321,93.60
19322,93.61
19323,93.61
19324,93.63
19325,93.63
19326,93.66
19327,93.67
19328,93.67
19329,93.68
19330,93.68
19331,93.68
19332,93.69
19333,93.70
19334,93.70
19335,93.71
19336,93.71
19337,93.72
19338,93.73
19339,93.76
19340,93.77
19341,93.79
19342,93.79
19343,93.79
19344,93.80
19345,93.80
19346,93.81
19347,93.82
19348,93.82
19349,93.84
19350,93.85
19351,93.86
19352,93.87
19353,93.88
19354,93.89
19355,93.89
19356,93.92
19357,93.92
19358,93.92
19359,93.93
19360,93.93
19361,93.95
19362,93.95
19363,93.96
19364,93.97
19365,93.97
19366,93.99
19367,93.99
19368,93.99
19369,94.00
19370,94.01
19371,94.03
19372,94.04
19373,94.04
19374,94.06
19375,94.06
19376,94.08
19377,94.09
19378,94.11
19379,94.12
19380,94.13
19381,94.15
19382,94.17
19383,94.17
19384,94.18
19385,94.20
19386,94.21
19387,94.25
19388,94.25
19389,94.27
19390,94.27
19391,94.29
19392,94.29
19393,94.30
19394,94.31
19395,94.32
19396,94.32
19397,94.34
19398,94.34
19399,94.34
19400,94.36
19401,94.37
19402,94.37
19403,94.37
19404,94.38
19405,94.38
19406,94.39
19407,94.43
19408,94.46
19409,94.46
19410,94.47
19411,94.48
19412,94.48
19413,94.49
19414,94.49
19415,94.51
19416,94.51
19417,94.52
19418,94.52
19419,94.53
19420,94.54
19421,94.56
19422,94.57
19423,94.58
19424,94.59
19425,94.60
19426,94.60
19427,94.61
19428,94.61
19429,94.61
19430,94.63
19431,94.66
19432,94.66
19433,94.66
19434,94.66
19435,94.68
19436,94.69
19437,94.69
19438,94.70
19439,94.70
19440,94.70
19441,94.72
19442,94.73
19443,94.74
19444,94.74
19445,94.75
19446,94.76
19447,94.76
19448,94.77
19449,94.79
19450,94.82
19451,94.82
19452,94.82
19453,94.83
19454,94.84
19455,94.84
19456,94.84
19457,94.84
19458,94.84
19459,94.85
19460,94.86
19461,94.86
19462,94.87
19463,94.88
19464,94.89
19465,94.89
19466,94.90
19467,94.91
19468,94.92
19469,94.92
19470,94.93
19471,94.94
19472,94.94
19473,94.98
19474,94.99
19475,95.02
19476,95.04
19477,95.05
19478,95.05
19479,95.07
19480,95.08
19481,95.08
19482,95.09
19483,95.10
19484,95.10
19485,95.11
19486,95.11
19487,95.12
19488,95.13
19489,95.13
19490,95.13
19491,95.13
19492,95.14
19493,95.15
19494,95.16
19495,95.16
19496,95.17
19497,95.17
19498,95.18
19499,95.18
19500,95.19
19501,95.19
19502,95.20
19503,95.22
19504,95.22
19505,95.23
19506,95.23
19507,95.26
19508,95.28
19509,95.28
19510,95.29
19511,95.29
19512,95.30
19513,95.32
19514,95.32
19515,95.33
19516,95.33
19517,95.34
19518,95.35
19519,95.36
19520,95.37
19521,95.38
19522,95.38
19523,95.39
19524,95.40
19525,95.41
19526,95.41
19527,95.41
19528,95.41
19529,95.42
19530,95.43
19531,95.45
19532,95.45
19533,95.47
19534,95.47
19535,95.47
19536,95.47
19537,95.49
19538,95.53
19539,95.54
19540,95.56
19541,95.57
19542,95.58
19543,95.59
19544,95.62
19545,95.62
19546,95.63
19547,95.63
19548,95.64
19549,95.64
19550,95.65
19551,95.66
19552,95.67
19553,95.68
19554,95.69
19555,95.70
19556,95.71
19557,95.71
19558,95.72
19559,95.73
19560,95.73
19561,95.74
19562,95.75
19563,95.75
19564,95.75
19565,95.76
19566,95.76
19567,95.78
19568,95.79
19569,95.80
19570,95.80
19571,95.81
19572,95.81
19573,95.83
19574,95.83
19575,95.83
19576,95.85
19577,95.86
19578,95.86
19579,95.88
19580,95.90
19581,95.91
19582,95.92
19583,95.92
19584,95.93
19585,95.94
19586,95.97
19587,95.97
19588,95.98
19589,96.00
19590,96.01
19591,96.02
19592,96.02
19593,96.02
19594,96.02
19595,96.03
19596,96.03
19597,96.05
19598,96.05
19599,96.07
19600,96.07
19601,96.08
19602,96.09
19603,96.10
19604,96.11
19605,96.11
19606,96.12
19607,96.12
19608,96.13
19609,96.13
19610,96.14
19611,96.14
19612,96.14
19613,96.15
19614,96.15
19615,96.16
19616,96.17
19617,96.17
19618,96.18
19619,96.18
19620,96.19
19621,96.19
19622,96.19
19623,96.20
19624,96.21
19625,96.23
19626,96.24
19627,96.26
19628,96.26
19629,96.26
19630,96.26
19631,96.27
19632,96.28
19633,96.29
19634,96.29
19635,96.31
19636,96.31
19637,96.32
19638,96.34
19639,96.34
19640,96.34
19641,96.35
19642,96.36
19643,96.36
19644,96.39
19645,96.39
19646,96.40
19647,96.42
19648,96.43
19649,96.43
19650,96.44
19651,96.44
19652,96.47
19653,96.48
19654,96.49
19655,96.49
19656,96.50
19657,96.51
19658,96.51
19659,96.51
19660,96.52
19661,96.53
19662,96.53
19663,96.55
19664,96.56
19665,96.59
19666,96.60
19667,96.61
19668,96.61
19669,96.62
19670,96.64
19671,96.64
19672,96.65
19673,96.66
19674,96.68
19675,96.68
19676,96.69
19677,96.70
19678,96.72
19679,96.73
19680,96.73
19681,96.74
19682,96.75
19683,96.75
19684,96.76
19685,96.77
19686,96.79
19687,96.80
19688,96.80
19689,96.81
19690,96.81
19691,96.83
19692,96.86
19693,96.87
19694,96.88
19695,96.88
19696,96.88
19697,96.88
19698,96.91
19699,96.91
19700,96.91
19701,96.91
19702,96.91
19703,96.92
19704,96.92
19705,96.92
19706,96.98
19707,96.99
19708,96.99
19709,97.00
19710,97.00
19711,97.00
19712,97.04
19713,97.05
19714,97.05
19715,97.06
19716,97.08
19717,97.09
19718,97.10
19719,97.10
19720,97.13
19721,97.13
19722,97.13
19723,97.13
19724,97.16
19725,97.16
19726,97.17
19727,97.17
19728,97.18
19729,97.18
19730,97.22
19731,97.22
19732,97.25
19733,97.26
19734,97.26
19735,97.28
19736,97.30
19737,97.30
19738,97.31
19739,97.31
19740,97.31
19741,97.32
19742,97.33
19743,97.33
19744,97.35
19745,97.37
19746,97.37
19747,97.38
19748,97.39
19749,97.39
19750,97.40
19751,97.40
19752,97.40
19753,97.40
19754,97.43
19755,97.43
19756,97.45
19757,97.45
19758,97.46
19759,97.46
19760,97.48
19761,97.48
19762,97.48
19763,97.48
19764,97.50
19765,97.50
19766,97.51
19767,97.51
19768,97.51
19769,97.53
19770,97.55
19771,97.59
19772,97.60
19773,97.61
19774,97.62
19775,97.62
19776,97.63
19777,97.65
19778,97.67
19779,97.68
19780,97.68
19781,97.68
19782,97.68
19783,97.70
19784,97.71
19785,97.72
19786,97.72
19787,97.72
19788,97.73
19789,97.73
19790,97.75
19791,97.75
19792,97.76
19793,97.76
19794,97.76
19795,97.79
19796,97.83
19797,97.84
19798,97.85
19799,97.87
19800,97.87
19801,97.89
19802,97.90
19803,97.90
19804,97.95
19805,97.96
19806,97.98
19807,97.98
19808,97.98
19809,97.99
19810,97.99
19811,97.99
19812,98.00
19813,98.01
19814,98.01
19815,98.02
19816,98.03
19817,98.06
19818,98.06
19819,98.06
19820,98.07
19821,98.08
19822,98.08
19823,98.11
19824,98.11
19825,98.13
19826,98.15
19827,98.17
19828,98.18
19829,98.18
19830,98.21
19831,98.22
19832,98.27
19833,98.30
19834,98.31
19835,98.31
19836,98.31
19837,98.32
19838,98.32
19839,98.32
19840,98.34
19841,98.34
19842,98.34
19843,98.39
19844,98.40
19845,98.40
19846,98.43
19847,98.43
19848,98.44
19849,98.46
19850,98.47
19851,98.47
19852,98.48
19853,98.49
19854,98.51
19855,98.53
19856,98.53
19857,98.54
19858,98.58
19859,98.58
19860,98.58
19861,98.59
19862,98.60
19863,98.62
19864,98.64
19865,98.66
19866,98.66
19867,98.67
19868,98.68
19869,98.69
19870,98.71
19871,98.71
19872,98.72
19873,98.73
19874,98.73
19875,98.73
19876,98.74
19877,98.75
19878,98.75
19879,98.75
19880,98.79
19881,98.81
19882,98.82
19883,98.83
19884,98.83
19885,98.84
19886,98.84
19887,98.85
19888,98.85
19889,98.86
19890,98.87
19891,98.88
19892,98.89
19893,98.91
19894,98.93
19895,98.93
19896,98.94
19897,98.95
19898,98.96
19899,98.97
19900,98.97
19901,98.97
19902,98.98
19903,98.98
19904,98.99
19905,99.00
19906,99.00
19907,99.01
19908,99.01
19909,99.02
19910,99.02
19911,99.03
19912,99.05
19913,99.07
19914,99.09
19915,99.11
19916,99.11
19917,99.11
19918,99.12
19919,99.13
19920,99.15
19921,99.17
19922,99.20
19923,99.21
19924,99.23
19925,99.24
19926,99.25
19927,99.25
19928,99.27
19929,99.29
19930,99.30
19931,99.30
19932,99.30
19933,99.35
19934,99.35
19935,99.36
19936,99.37
19937,99.39
19938,99.39
19939,99.39
19940,99.41
19941,99.42
19942,99.42
19943,99.43
19944,99.44
19945,99.44
19946,99.44
19947,99.45
19948,99.45
19949,99.46
19950,99.46
19951,99.48
19952,99.51
19953,99.51
19954,99.51
19955,99.52
19956,99.52
19957,99.55
19958,99.55
19959,99.55
19960,99.56
19961,99.57
19962,99.57
19963,99.60
19964,99.60
19965,99.62
19966,99.62
19967,99.66
19968,99.66
19969,99.67
19970,99.68
19971,99.69
19972,99.69
19973,99.70
19974,99.73
19975,99.73
19976,99.74
19977,99.75
19978,99.75
19979,99.76
19980,99.76
19981,99.77
19982,99.78
19983,99.79
19984,99.79
19985,99.83
19986,99.85
19987,99.86
19988,99.86
19989,99.87
19990,99.89
19991,99.91
19992,99.94
19993,99.96
19994,99.96
19995,99.97
19996,99.97
19997,99.98
19998,99.98
19999,99.99
